Date,zip,count
3/6/2020,37217,1
3/10/2020,37214,1
3/11/2020,37013,1
3/11/2020,37204,2
3/11/2020,37205,1
3/11/2020,37210,1
3/11/2020,37212,2
3/11/2020,37214,1
3/11/2020,37215,3
3/12/2020,,1
3/12/2020,37013,1
3/12/2020,37204,1
3/12/2020,37211,1
3/12/2020,37212,1
3/12/2020,37215,1
3/12/2020,37217,1
3/12/2020,37220,1
3/13/2020,,3
3/13/2020,37013,1
3/13/2020,37138,1
3/13/2020,37203,1
3/13/2020,37204,1
3/13/2020,37205,2
3/13/2020,37206,1
3/13/2020,37211,1
3/13/2020,37212,1
3/13/2020,37214,1
3/13/2020,37215,2
3/13/2020,37219,1
3/13/2020,37220,1
3/13/2020,37221,1
3/14/2020,,5
3/14/2020,37013,1
3/14/2020,37027,1
3/14/2020,37203,2
3/14/2020,37210,1
3/14/2020,37211,1
3/14/2020,37212,1
3/14/2020,37215,4
3/14/2020,37220,1
3/15/2020,,6
3/15/2020,37013,1
3/15/2020,37138,1
3/15/2020,37203,3
3/15/2020,37204,1
3/15/2020,37205,3
3/15/2020,37208,1
3/15/2020,37211,1
3/15/2020,37212,2
3/15/2020,37215,3
3/16/2020,,10
3/16/2020,37013,8
3/16/2020,37027,1
3/16/2020,37115,2
3/16/2020,37204,1
3/16/2020,37205,4
3/16/2020,37206,4
3/16/2020,37208,1
3/16/2020,37209,5
3/16/2020,37211,7
3/16/2020,37212,3
3/16/2020,37214,1
3/16/2020,37216,1
3/16/2020,37220,1
3/16/2020,37221,1
3/17/2020,,10
3/17/2020,37013,6
3/17/2020,37076,1
3/17/2020,37203,1
3/17/2020,37204,3
3/17/2020,37205,2
3/17/2020,37206,6
3/17/2020,37208,2
3/17/2020,37209,2
3/17/2020,37210,1
3/17/2020,37211,2
3/17/2020,37212,6
3/17/2020,37214,1
3/17/2020,37215,1
3/17/2020,37216,1
3/17/2020,37217,1
3/17/2020,37219,1
3/17/2020,37220,1
3/17/2020,37221,1
3/18/2020,,6
3/18/2020,37013,6
3/18/2020,37076,1
3/18/2020,37203,10
3/18/2020,37204,5
3/18/2020,37205,6
3/18/2020,37206,1
3/18/2020,37207,1
3/18/2020,37208,3
3/18/2020,37209,9
3/18/2020,37211,2
3/18/2020,37212,4
3/18/2020,37214,2
3/18/2020,37215,5
3/18/2020,37217,2
3/18/2020,37219,1
3/18/2020,37220,2
3/18/2020,37221,6
3/19/2020,,11
3/19/2020,37013,8
3/19/2020,37027,2
3/19/2020,37072,2
3/19/2020,37076,1
3/19/2020,37138,1
3/19/2020,37203,3
3/19/2020,37204,4
3/19/2020,37205,7
3/19/2020,37206,2
3/19/2020,37207,1
3/19/2020,37208,3
3/19/2020,37209,3
3/19/2020,37211,5
3/19/2020,37212,3
3/19/2020,37215,5
3/19/2020,37217,6
3/19/2020,37219,2
3/19/2020,37221,5
3/20/2020,,20
3/20/2020,37013,18
3/20/2020,37027,1
3/20/2020,37076,2
3/20/2020,37115,1
3/20/2020,37138,1
3/20/2020,37189,1
3/20/2020,37203,5
3/20/2020,37204,1
3/20/2020,37205,3
3/20/2020,37206,3
3/20/2020,37207,2
3/20/2020,37208,4
3/20/2020,37209,7
3/20/2020,37211,6
3/20/2020,37212,2
3/20/2020,37214,3
3/20/2020,37215,5
3/20/2020,37216,2
3/20/2020,37217,6
3/20/2020,37218,1
3/20/2020,37220,2
3/20/2020,37221,4
3/21/2020,,5
3/21/2020,37013,5
3/21/2020,37201,1
3/21/2020,37203,2
3/21/2020,37205,3
3/21/2020,37206,1
3/21/2020,37207,3
3/21/2020,37208,2
3/21/2020,37209,2
3/21/2020,37211,5
3/21/2020,37212,1
3/21/2020,37214,1
3/21/2020,37215,1
3/21/2020,37218,1
3/21/2020,37221,1
3/22/2020,,8
3/22/2020,37013,2
3/22/2020,37072,1
3/22/2020,37076,2
3/22/2020,37115,2
3/22/2020,37203,3
3/22/2020,37205,4
3/22/2020,37206,2
3/22/2020,37207,3
3/22/2020,37208,1
3/22/2020,37209,1
3/22/2020,37211,2
3/22/2020,37212,2
3/22/2020,37215,3
3/22/2020,37216,2
3/22/2020,37217,2
3/22/2020,37221,2
3/23/2020,,14
3/23/2020,37013,13
3/23/2020,37027,3
3/23/2020,37072,1
3/23/2020,37076,2
3/23/2020,37115,3
3/23/2020,37138,1
3/23/2020,37203,3
3/23/2020,37204,1
3/23/2020,37205,1
3/23/2020,37206,4
3/23/2020,37207,2
3/23/2020,37208,1
3/23/2020,37209,5
3/23/2020,37211,4
3/23/2020,37212,2
3/23/2020,37214,3
3/23/2020,37215,2
3/23/2020,37217,3
3/23/2020,37218,4
3/23/2020,37221,5
3/24/2020,,6
3/24/2020,37013,7
3/24/2020,37076,2
3/24/2020,37138,2
3/24/2020,37203,4
3/24/2020,37204,2
3/24/2020,37205,3
3/24/2020,37206,4
3/24/2020,37207,6
3/24/2020,37208,2
3/24/2020,37209,2
3/24/2020,37210,3
3/24/2020,37211,7
3/24/2020,37212,1
3/24/2020,37214,2
3/24/2020,37215,3
3/24/2020,37216,1
3/24/2020,37217,6
3/24/2020,37218,1
3/24/2020,37221,2
3/25/2020,,1
3/25/2020,37013,7
3/25/2020,37072,4
3/25/2020,37076,2
3/25/2020,37115,3
3/25/2020,37138,1
3/25/2020,37204,1
3/25/2020,37205,4
3/25/2020,37206,2
3/25/2020,37207,4
3/25/2020,37208,2
3/25/2020,37209,6
3/25/2020,37210,2
3/25/2020,37211,6
3/25/2020,37212,1
3/25/2020,37214,1
3/25/2020,37215,3
3/25/2020,37217,1
3/25/2020,37221,3
3/25/2020,37228,1
3/26/2020,,2
3/26/2020,37013,6
3/26/2020,37076,3
3/26/2020,37115,2
3/26/2020,37138,1
3/26/2020,37203,6
3/26/2020,37204,2
3/26/2020,37205,3
3/26/2020,37206,1
3/26/2020,37207,2
3/26/2020,37208,2
3/26/2020,37209,4
3/26/2020,37210,2
3/26/2020,37211,6
3/26/2020,37214,1
3/26/2020,37215,3
3/26/2020,37216,1
3/26/2020,37217,2
3/26/2020,37218,2
3/26/2020,37220,1
3/26/2020,37221,1
3/27/2020,,4
3/27/2020,37013,10
3/27/2020,37072,1
3/27/2020,37115,2
3/27/2020,37189,1
3/27/2020,37203,4
3/27/2020,37204,2
3/27/2020,37206,1
3/27/2020,37207,6
3/27/2020,37209,4
3/27/2020,37210,1
3/27/2020,37211,11
3/27/2020,37212,2
3/27/2020,37214,1
3/27/2020,37215,1
3/27/2020,37216,2
3/27/2020,37217,4
3/27/2020,37218,3
3/27/2020,37221,2
3/28/2020,,3
3/28/2020,37013,1
3/28/2020,37072,2
3/28/2020,37076,2
3/28/2020,37080,1
3/28/2020,37115,6
3/28/2020,37203,1
3/28/2020,37204,3
3/28/2020,37205,1
3/28/2020,37207,2
3/28/2020,37209,1
3/28/2020,37211,1
3/28/2020,37215,4
3/28/2020,37217,2
3/28/2020,37218,1
3/29/2020,,3
3/29/2020,37013,6
3/29/2020,37076,1
3/29/2020,37115,2
3/29/2020,37204,1
3/29/2020,37208,1
3/29/2020,37211,1
3/29/2020,37212,1
3/29/2020,37214,1
3/29/2020,37215,3
3/29/2020,37217,1
3/29/2020,37218,1
3/29/2020,37220,1
3/30/2020,37013,9
3/30/2020,37076,1
3/30/2020,37115,3
3/30/2020,37203,3
3/30/2020,37204,2
3/30/2020,37206,1
3/30/2020,37209,5
3/30/2020,37211,3
3/30/2020,37212,9
3/30/2020,37214,5
3/30/2020,37215,2
3/30/2020,37216,2
3/30/2020,37217,7
3/30/2020,37218,1
3/30/2020,37221,5
3/30/2020,37228,1
3/31/2020,,2
3/31/2020,37013,11
3/31/2020,37076,3
3/31/2020,37115,2
3/31/2020,37138,1
3/31/2020,37205,1
3/31/2020,37206,1
3/31/2020,37208,1
3/31/2020,37209,4
3/31/2020,37210,2
3/31/2020,37211,3
3/31/2020,37213,1
3/31/2020,37214,1
3/31/2020,37215,2
3/31/2020,37217,1
3/31/2020,37221,1
4/1/2020,,2
4/1/2020,37013,11
4/1/2020,37072,1
4/1/2020,37076,1
4/1/2020,37115,5
4/1/2020,37138,3
4/1/2020,37207,2
4/1/2020,37208,1
4/1/2020,37209,4
4/1/2020,37210,2
4/1/2020,37211,8
4/1/2020,37212,2
4/1/2020,37213,1
4/1/2020,37214,2
4/1/2020,37216,1
4/1/2020,37217,2
4/1/2020,37218,2
4/1/2020,37221,2
4/2/2020,,2
4/2/2020,37013,7
4/2/2020,37076,5
4/2/2020,37115,1
4/2/2020,37138,2
4/2/2020,37201,2
4/2/2020,37205,3
4/2/2020,37207,3
4/2/2020,37209,2
4/2/2020,37211,7
4/2/2020,37214,2
4/2/2020,37218,4
4/3/2020,,1
4/3/2020,37013,10
4/3/2020,37072,1
4/3/2020,37076,2
4/3/2020,37115,4
4/3/2020,37138,1
4/3/2020,37189,1
4/3/2020,37203,1
4/3/2020,37204,1
4/3/2020,37205,2
4/3/2020,37206,1
4/3/2020,37207,5
4/3/2020,37208,2
4/3/2020,37209,6
4/3/2020,37211,7
4/3/2020,37212,2
4/3/2020,37214,2
4/3/2020,37215,1
4/3/2020,37216,1
4/3/2020,37217,2
4/3/2020,37218,2
4/3/2020,37221,1
4/4/2020,,2
4/4/2020,37013,1
4/4/2020,37076,2
4/4/2020,37115,1
4/4/2020,37138,1
4/4/2020,37201,1
4/4/2020,37203,1
4/4/2020,37205,1
4/4/2020,37208,1
4/4/2020,37209,1
4/4/2020,37211,7
4/4/2020,37214,1
4/4/2020,37217,4
4/4/2020,37218,1
4/5/2020,,1
4/5/2020,37013,3
4/5/2020,37206,1
4/5/2020,37208,1
4/5/2020,37211,4
4/5/2020,37214,1
4/5/2020,37217,2
4/6/2020,,2
4/6/2020,37013,16
4/6/2020,37076,3
4/6/2020,37115,1
4/6/2020,37138,1
4/6/2020,37189,2
4/6/2020,37206,3
4/6/2020,37207,3
4/6/2020,37208,1
4/6/2020,37209,1
4/6/2020,37211,11
4/6/2020,37212,2
4/6/2020,37214,4
4/6/2020,37215,1
4/6/2020,37216,1
4/6/2020,37217,6
4/6/2020,37218,4
4/6/2020,37221,1
4/7/2020,,3
4/7/2020,37013,14
4/7/2020,37072,1
4/7/2020,37076,2
4/7/2020,37207,2
4/7/2020,37208,2
4/7/2020,37209,1
4/7/2020,37210,2
4/7/2020,37211,8
4/7/2020,37217,2
4/7/2020,37218,1
4/7/2020,37221,1
4/8/2020,,1
4/8/2020,37013,16
4/8/2020,37027,1
4/8/2020,37072,1
4/8/2020,37115,1
4/8/2020,37138,1
4/8/2020,37203,1
4/8/2020,37205,1
4/8/2020,37207,8
4/8/2020,37209,2
4/8/2020,37211,8
4/8/2020,37212,4
4/8/2020,37213,1
4/8/2020,37216,2
4/8/2020,37217,7
4/8/2020,37218,1
4/8/2020,37221,1
4/9/2020,,3
4/9/2020,37013,7
4/9/2020,37072,2
4/9/2020,37076,1
4/9/2020,37115,1
4/9/2020,37138,4
4/9/2020,37205,1
4/9/2020,37207,2
4/9/2020,37209,1
4/9/2020,37214,1
4/9/2020,37217,5
4/9/2020,37218,2
4/9/2020,37221,1
4/10/2020,,4
4/10/2020,37013,15
4/10/2020,37076,1
4/10/2020,37115,5
4/10/2020,37205,1
4/10/2020,37206,1
4/10/2020,37207,1
4/10/2020,37208,1
4/10/2020,37209,2
4/10/2020,37211,9
4/10/2020,37212,12
4/10/2020,37214,3
4/10/2020,37217,4
4/10/2020,37218,2
4/10/2020,37221,1
4/11/2020,,1
4/11/2020,37013,21
4/11/2020,37072,1
4/11/2020,37076,2
4/11/2020,37115,2
4/11/2020,37189,1
4/11/2020,37208,1
4/11/2020,37210,2
4/11/2020,37211,6
4/11/2020,37214,2
4/11/2020,37217,2
4/11/2020,37221,2
4/12/2020,37013,3
4/12/2020,37072,1
4/12/2020,37138,1
4/12/2020,37206,1
4/12/2020,37210,1
4/12/2020,37211,6
4/12/2020,37215,1
4/12/2020,37217,3
4/13/2020,,2
4/13/2020,37013,37
4/13/2020,37072,4
4/13/2020,37115,8
4/13/2020,37138,2
4/13/2020,37189,1
4/13/2020,37204,1
4/13/2020,37206,1
4/13/2020,37207,5
4/13/2020,37208,2
4/13/2020,37209,2
4/13/2020,37210,7
4/13/2020,37211,12
4/13/2020,37214,1
4/13/2020,37215,1
4/13/2020,37217,9
4/13/2020,37218,3
4/13/2020,37221,1
4/14/2020,,2
4/14/2020,37013,14
4/14/2020,37072,3
4/14/2020,37115,5
4/14/2020,37205,1
4/14/2020,37207,1
4/14/2020,37208,1
4/14/2020,37209,2
4/14/2020,37210,1
4/14/2020,37211,2
4/14/2020,37214,1
4/14/2020,37217,2
4/14/2020,37218,2
4/15/2020,,12
4/15/2020,37013,47
4/15/2020,37072,1
4/15/2020,37076,1
4/15/2020,37115,3
4/15/2020,37138,4
4/15/2020,37203,1
4/15/2020,37206,1
4/15/2020,37207,5
4/15/2020,37208,3
4/15/2020,37209,3
4/15/2020,37210,1
4/15/2020,37211,22
4/15/2020,37212,2
4/15/2020,37214,3
4/15/2020,37217,11
4/15/2020,37218,9
4/16/2020,,4
4/16/2020,37013,17
4/16/2020,37076,1
4/16/2020,37115,2
4/16/2020,37138,1
4/16/2020,37205,1
4/16/2020,37207,1
4/16/2020,37208,1
4/16/2020,37209,5
4/16/2020,37210,3
4/16/2020,37211,17
4/16/2020,37216,1
4/16/2020,37217,4
4/16/2020,37218,1
4/17/2020,,7
4/17/2020,37013,36
4/17/2020,37072,3
4/17/2020,37076,1
4/17/2020,37080,1
4/17/2020,37115,5
4/17/2020,37203,1
4/17/2020,37205,1
4/17/2020,37206,1
4/17/2020,37207,3
4/17/2020,37209,1
4/17/2020,37210,3
4/17/2020,37211,26
4/17/2020,37212,2
4/17/2020,37214,2
4/17/2020,37216,1
4/17/2020,37217,11
4/17/2020,37218,5
4/17/2020,37221,1
4/18/2020,,3
4/18/2020,37013,16
4/18/2020,37072,2
4/18/2020,37115,4
4/18/2020,37206,1
4/18/2020,37207,1
4/18/2020,37209,3
4/18/2020,37211,3
4/18/2020,37214,1
4/18/2020,37217,2
4/18/2020,37218,1
4/18/2020,37221,1
4/19/2020,,4
4/19/2020,37013,8
4/19/2020,37072,3
4/19/2020,37115,4
4/19/2020,37204,1
4/19/2020,37205,1
4/19/2020,37207,1
4/19/2020,37208,1
4/19/2020,37210,4
4/19/2020,37211,7
4/19/2020,37212,1
4/19/2020,37214,1
4/19/2020,37215,1
4/19/2020,37217,1
4/19/2020,37221,1
4/20/2020,,7
4/20/2020,37013,56
4/20/2020,37076,1
4/20/2020,37080,1
4/20/2020,37115,14
4/20/2020,37203,1
4/20/2020,37204,1
4/20/2020,37206,1
4/20/2020,37207,17
4/20/2020,37208,1
4/20/2020,37209,2
4/20/2020,37210,5
4/20/2020,37211,25
4/20/2020,37212,1
4/20/2020,37214,1
4/20/2020,37216,1
4/20/2020,37217,19
4/21/2020,,14
4/21/2020,37013,13
4/21/2020,37072,2
4/21/2020,37076,2
4/21/2020,37115,4
4/21/2020,37138,4
4/21/2020,37203,1
4/21/2020,37205,1
4/21/2020,37206,1
4/21/2020,37207,1
4/21/2020,37209,1
4/21/2020,37210,3
4/21/2020,37211,9
4/21/2020,37212,1
4/21/2020,37214,1
4/21/2020,37216,1
4/21/2020,37217,6
4/21/2020,37218,1
4/21/2020,37220,1
4/21/2020,37221,1
4/22/2020,,8
4/22/2020,37013,37
4/22/2020,37072,5
4/22/2020,37076,3
4/22/2020,37115,26
4/22/2020,37138,3
4/22/2020,37203,2
4/22/2020,37204,2
4/22/2020,37205,1
4/22/2020,37206,6
4/22/2020,37207,6
4/22/2020,37209,3
4/22/2020,37210,6
4/22/2020,37211,22
4/22/2020,37214,2
4/22/2020,37216,1
4/22/2020,37217,16
4/22/2020,37221,3
4/22/2020,37228,1
4/23/2020,,5
4/23/2020,37013,20
4/23/2020,37072,3
4/23/2020,37115,9
4/23/2020,37138,1
4/23/2020,37201,1
4/23/2020,37206,1
4/23/2020,37207,9
4/23/2020,37208,1
4/23/2020,37209,3
4/23/2020,37210,1
4/23/2020,37211,12
4/23/2020,37214,2
4/23/2020,37217,6
4/23/2020,37218,2
4/23/2020,37219,1
4/23/2020,37221,2
4/24/2020,,5
4/24/2020,37013,32
4/24/2020,37072,1
4/24/2020,37115,7
4/24/2020,37138,1
4/24/2020,37201,1
4/24/2020,37203,1
4/24/2020,37205,2
4/24/2020,37206,2
4/24/2020,37207,10
4/24/2020,37210,4
4/24/2020,37211,17
4/24/2020,37214,1
4/24/2020,37217,10
4/24/2020,37218,1
4/24/2020,37221,3
4/25/2020,,3
4/25/2020,37013,13
4/25/2020,37072,1
4/25/2020,37076,4
4/25/2020,37115,3
4/25/2020,37138,1
4/25/2020,37189,1
4/25/2020,37201,2
4/25/2020,37203,1
4/25/2020,37206,2
4/25/2020,37207,4
4/25/2020,37208,1
4/25/2020,37209,3
4/25/2020,37210,2
4/25/2020,37211,18
4/25/2020,37215,1
4/25/2020,37216,1
4/25/2020,37217,3
4/25/2020,37218,1
4/25/2020,37228,1
4/26/2020,,6
4/26/2020,37013,10
4/26/2020,37072,1
4/26/2020,37204,1
4/26/2020,37206,1
4/26/2020,37208,1
4/26/2020,37209,1
4/26/2020,37211,4
4/26/2020,37214,2
4/26/2020,37217,2
4/26/2020,37221,1
4/27/2020,,10
4/27/2020,37013,46
4/27/2020,37027,1
4/27/2020,37072,4
4/27/2020,37076,7
4/27/2020,37115,12
4/27/2020,37138,2
4/27/2020,37189,2
4/27/2020,37203,4
4/27/2020,37205,2
4/27/2020,37206,2
4/27/2020,37207,9
4/27/2020,37208,2
4/27/2020,37209,2
4/27/2020,37210,2
4/27/2020,37211,27
4/27/2020,37214,3
4/27/2020,37217,11
4/27/2020,37218,2
4/27/2020,37221,1
4/27/2020,37228,1
4/28/2020,,3
4/28/2020,37013,11
4/28/2020,37076,2
4/28/2020,37080,1
4/28/2020,37115,3
4/28/2020,37138,2
4/28/2020,37203,3
4/28/2020,37204,2
4/28/2020,37205,1
4/28/2020,37206,4
4/28/2020,37207,1
4/28/2020,37208,2
4/28/2020,37209,2
4/28/2020,37211,12
4/28/2020,37217,4
4/28/2020,37220,1
4/28/2020,37221,4
4/29/2020,,15
4/29/2020,37013,25
4/29/2020,37076,3
4/29/2020,37115,9
4/29/2020,37138,2
4/29/2020,37189,2
4/29/2020,37203,12
4/29/2020,37204,1
4/29/2020,37205,1
4/29/2020,37206,3
4/29/2020,37207,17
4/29/2020,37208,3
4/29/2020,37209,7
4/29/2020,37210,4
4/29/2020,37211,17
4/29/2020,37212,5
4/29/2020,37214,7
4/29/2020,37216,1
4/29/2020,37217,16
4/29/2020,37218,2
4/29/2020,37221,2
4/30/2020,,16
4/30/2020,37013,10
4/30/2020,37076,3
4/30/2020,37201,3
4/30/2020,37203,23
4/30/2020,37205,1
4/30/2020,37206,1
4/30/2020,37207,7
4/30/2020,37209,3
4/30/2020,37210,2
4/30/2020,37211,7
4/30/2020,37212,43
4/30/2020,37214,1
4/30/2020,37215,1
4/30/2020,37217,6
4/30/2020,37218,2
5/1/2020,,9
5/1/2020,37013,41
5/1/2020,37027,1
5/1/2020,37076,4
5/1/2020,37115,11
5/1/2020,37138,1
5/1/2020,37201,1
5/1/2020,37203,20
5/1/2020,37204,1
5/1/2020,37206,4
5/1/2020,37207,7
5/1/2020,37208,3
5/1/2020,37209,7
5/1/2020,37210,3
5/1/2020,37211,25
5/1/2020,37212,1
5/1/2020,37214,1
5/1/2020,37216,2
5/1/2020,37217,11
5/1/2020,37218,13
5/1/2020,37221,3
5/1/2020,37228,3
5/2/2020,,3
5/2/2020,37013,12
5/2/2020,37203,1
5/2/2020,37204,1
5/2/2020,37205,1
5/2/2020,37207,2
5/2/2020,37209,1
5/2/2020,37210,1
5/2/2020,37211,9
5/2/2020,37214,3
5/2/2020,37217,1
5/3/2020,,1
5/3/2020,37013,10
5/3/2020,37072,2
5/3/2020,37076,2
5/3/2020,37115,4
5/3/2020,37210,2
5/3/2020,37211,2
5/3/2020,37214,1
5/3/2020,37217,2
5/4/2020,,12
5/4/2020,37013,23
5/4/2020,37072,1
5/4/2020,37076,1
5/4/2020,37080,1
5/4/2020,37115,6
5/4/2020,37138,1
5/4/2020,37189,1
5/4/2020,37201,1
5/4/2020,37203,4
5/4/2020,37205,2
5/4/2020,37207,2
5/4/2020,37208,2
5/4/2020,37209,2
5/4/2020,37210,1
5/4/2020,37211,22
5/4/2020,37212,1
5/4/2020,37214,4
5/4/2020,37216,1
5/4/2020,37217,23
5/4/2020,37218,5
5/4/2020,37221,2
5/5/2020,,21
5/5/2020,37013,18
5/5/2020,37027,2
5/5/2020,37076,4
5/5/2020,37080,1
5/5/2020,37115,15
5/5/2020,37138,1
5/5/2020,37203,4
5/5/2020,37206,1
5/5/2020,37207,4
5/5/2020,37208,1
5/5/2020,37209,6
5/5/2020,37210,4
5/5/2020,37211,25
5/5/2020,37213,1
5/5/2020,37214,7
5/5/2020,37216,2
5/5/2020,37217,4
5/5/2020,37218,1
5/6/2020,,3
5/6/2020,37013,23
5/6/2020,37076,2
5/6/2020,37115,15
5/6/2020,37138,1
5/6/2020,37189,1
5/6/2020,37203,3
5/6/2020,37207,4
5/6/2020,37208,1
5/6/2020,37209,6
5/6/2020,37210,3
5/6/2020,37211,13
5/6/2020,37212,2
5/6/2020,37214,3
5/6/2020,37216,4
5/6/2020,37217,12
5/6/2020,37220,1
5/7/2020,,3
5/7/2020,37013,14
5/7/2020,37027,2
5/7/2020,37072,3
5/7/2020,37076,2
5/7/2020,37115,8
5/7/2020,37138,1
5/7/2020,37189,1
5/7/2020,37203,1
5/7/2020,37207,5
5/7/2020,37208,1
5/7/2020,37209,3
5/7/2020,37210,5
5/7/2020,37211,12
5/7/2020,37214,4
5/7/2020,37217,7
5/8/2020,,5
5/8/2020,37013,25
5/8/2020,37115,6
5/8/2020,37138,2
5/8/2020,37204,1
5/8/2020,37205,3
5/8/2020,37207,1
5/8/2020,37209,4
5/8/2020,37210,2
5/8/2020,37211,20
5/8/2020,37212,3
5/8/2020,37214,1
5/8/2020,37216,5
5/8/2020,37217,6
5/8/2020,37218,3
5/9/2020,,1
5/9/2020,37013,4
5/9/2020,37076,2
5/9/2020,37115,1
5/9/2020,37205,1
5/9/2020,37207,1
5/9/2020,37209,1
5/9/2020,37211,5
5/9/2020,37217,3
5/9/2020,37218,1
5/10/2020,37013,4
5/10/2020,37076,1
5/10/2020,37189,1
5/10/2020,37203,1
5/10/2020,37207,1
5/10/2020,37211,4
5/10/2020,37214,1
5/10/2020,37216,1
5/10/2020,37217,5
5/10/2020,37221,1
5/10/2020,37238,1
5/11/2020,,10
5/11/2020,37013,28
5/11/2020,37072,1
5/11/2020,37076,7
5/11/2020,37115,6
5/11/2020,37138,1
5/11/2020,37204,1
5/11/2020,37206,1
5/11/2020,37207,13
5/11/2020,37208,2
5/11/2020,37209,3
5/11/2020,37210,7
5/11/2020,37211,29
5/11/2020,37214,2
5/11/2020,37215,1
5/11/2020,37216,3
5/11/2020,37217,11
5/11/2020,37218,1
5/12/2020,,4
5/12/2020,37013,19
5/12/2020,37027,1
5/12/2020,37072,1
5/12/2020,37076,3
5/12/2020,37080,1
5/12/2020,37115,12
5/12/2020,37189,4
5/12/2020,37203,2
5/12/2020,37205,1
5/12/2020,37207,2
5/12/2020,37208,2
5/12/2020,37209,1
5/12/2020,37210,1
5/12/2020,37211,18
5/12/2020,37214,3
5/12/2020,37216,1
5/12/2020,37217,14
5/12/2020,37221,2
5/12/2020,37228,1
5/13/2020,,9
5/13/2020,37013,41
5/13/2020,37027,1
5/13/2020,37072,3
5/13/2020,37076,5
5/13/2020,37115,9
5/13/2020,37138,1
5/13/2020,37203,3
5/13/2020,37205,1
5/13/2020,37207,11
5/13/2020,37209,1
5/13/2020,37210,4
5/13/2020,37211,29
5/13/2020,37214,7
5/13/2020,37217,8
5/13/2020,37218,1
5/13/2020,37221,1
5/14/2020,,11
5/14/2020,37013,27
5/14/2020,37072,1
5/14/2020,37076,1
5/14/2020,37115,5
5/14/2020,37189,1
5/14/2020,37205,1
5/14/2020,37206,3
5/14/2020,37207,12
5/14/2020,37208,4
5/14/2020,37209,2
5/14/2020,37210,1
5/14/2020,37211,22
5/14/2020,37214,2
5/14/2020,37216,1
5/14/2020,37217,10
5/14/2020,37218,3
5/14/2020,37219,1
5/15/2020,,5
5/15/2020,37013,32
5/15/2020,37072,1
5/15/2020,37076,4
5/15/2020,37115,15
5/15/2020,37138,1
5/15/2020,37203,6
5/15/2020,37207,6
5/15/2020,37209,6
5/15/2020,37210,3
5/15/2020,37211,24
5/15/2020,37214,1
5/15/2020,37215,1
5/15/2020,37216,2
5/15/2020,37217,8
5/15/2020,37218,1
5/15/2020,37221,3
5/16/2020,,2
5/16/2020,37013,3
5/16/2020,37076,2
5/16/2020,37115,2
5/16/2020,37206,1
5/16/2020,37207,4
5/16/2020,37209,2
5/16/2020,37210,1
5/16/2020,37211,11
5/16/2020,37218,2
5/16/2020,37221,1
5/17/2020,,2
5/17/2020,37013,5
5/17/2020,37115,2
5/17/2020,37138,1
5/17/2020,37203,2
5/17/2020,37209,1
5/17/2020,37210,1
5/17/2020,37211,1
5/17/2020,37212,1
5/17/2020,37215,1
5/17/2020,37217,5
5/17/2020,37218,1
5/18/2020,,2
5/18/2020,37013,43
5/18/2020,37027,1
5/18/2020,37115,4
5/18/2020,37189,3
5/18/2020,37203,4
5/18/2020,37205,1
5/18/2020,37206,1
5/18/2020,37207,8
5/18/2020,37208,2
5/18/2020,37209,12
5/18/2020,37210,3
5/18/2020,37211,48
5/18/2020,37212,1
5/18/2020,37214,3
5/18/2020,37215,1
5/18/2020,37216,1
5/18/2020,37217,13
5/18/2020,37218,1
5/19/2020,,6
5/19/2020,37013,22
5/19/2020,37072,2
5/19/2020,37076,4
5/19/2020,37115,11
5/19/2020,37138,1
5/19/2020,37203,1
5/19/2020,37206,2
5/19/2020,37207,6
5/19/2020,37209,3
5/19/2020,37210,2
5/19/2020,37211,17
5/19/2020,37214,1
5/19/2020,37216,1
5/19/2020,37217,10
5/19/2020,37218,1
5/19/2020,37221,2
5/20/2020,,3
5/20/2020,37013,37
5/20/2020,37072,2
5/20/2020,37076,3
5/20/2020,37115,8
5/20/2020,37138,1
5/20/2020,37189,1
5/20/2020,37203,1
5/20/2020,37205,1
5/20/2020,37206,4
5/20/2020,37207,6
5/20/2020,37208,1
5/20/2020,37209,4
5/20/2020,37210,1
5/20/2020,37211,36
5/20/2020,37216,2
5/20/2020,37217,17
5/20/2020,37218,2
5/20/2020,37221,1
5/21/2020,,4
5/21/2020,37013,34
5/21/2020,37072,4
5/21/2020,37076,2
5/21/2020,37115,23
5/21/2020,37204,1
5/21/2020,37207,4
5/21/2020,37208,2
5/21/2020,37209,3
5/21/2020,37210,5
5/21/2020,37211,31
5/21/2020,37212,1
5/21/2020,37214,3
5/21/2020,37215,1
5/21/2020,37216,1
5/21/2020,37217,11
5/21/2020,37218,1
5/21/2020,37221,3
5/22/2020,,3
5/22/2020,37013,23
5/22/2020,37027,1
5/22/2020,37072,3
5/22/2020,37076,5
5/22/2020,37115,9
5/22/2020,37138,2
5/22/2020,37189,1
5/22/2020,37201,1
5/22/2020,37203,1
5/22/2020,37207,3
5/22/2020,37208,1
5/22/2020,37209,1
5/22/2020,37210,6
5/22/2020,37211,29
5/22/2020,37214,3
5/22/2020,37217,5
5/22/2020,37218,2
5/23/2020,,1
5/23/2020,37013,3
5/23/2020,37076,1
5/23/2020,37115,1
5/23/2020,37138,1
5/23/2020,37207,2
5/23/2020,37209,4
5/23/2020,37210,1
5/23/2020,37211,11
5/23/2020,37214,1
5/23/2020,37216,1
5/23/2020,37217,1
5/24/2020,,1
5/24/2020,37013,5
5/24/2020,37072,2
5/24/2020,37076,1
5/24/2020,37115,1
5/24/2020,37201,1
5/24/2020,37207,1
5/24/2020,37208,1
5/24/2020,37211,10
5/24/2020,37214,1
5/24/2020,37216,1
5/24/2020,37217,3
5/24/2020,37218,1
5/24/2020,37221,1
5/25/2020,,2
5/25/2020,37013,8
5/25/2020,37072,3
5/25/2020,37076,2
5/25/2020,37203,1
5/25/2020,37207,2
5/25/2020,37209,1
5/25/2020,37211,4
5/25/2020,37212,1
5/25/2020,37216,2
5/25/2020,37220,1
5/25/2020,37221,1
5/26/2020,,6
5/26/2020,37013,40
5/26/2020,37027,1
5/26/2020,37072,6
5/26/2020,37076,3
5/26/2020,37115,13
5/26/2020,37138,2
5/26/2020,37203,2
5/26/2020,37206,1
5/26/2020,37207,6
5/26/2020,37208,1
5/26/2020,37209,4
5/26/2020,37210,11
5/26/2020,37211,47
5/26/2020,37214,7
5/26/2020,37216,2
5/26/2020,37217,20
5/26/2020,37221,1
5/27/2020,,8
5/27/2020,37013,42
5/27/2020,37072,1
5/27/2020,37076,8
5/27/2020,37115,6
5/27/2020,37138,2
5/27/2020,37203,4
5/27/2020,37205,2
5/27/2020,37206,5
5/27/2020,37207,7
5/27/2020,37208,1
5/27/2020,37209,7
5/27/2020,37210,17
5/27/2020,37211,39
5/27/2020,37214,7
5/27/2020,37216,1
5/27/2020,37217,14
5/27/2020,37218,1
5/27/2020,37221,1
5/28/2020,,6
5/28/2020,37013,31
5/28/2020,37072,6
5/28/2020,37076,1
5/28/2020,37115,10
5/28/2020,37138,1
5/28/2020,37205,1
5/28/2020,37207,8
5/28/2020,37208,2
5/28/2020,37209,3
5/28/2020,37210,5
5/28/2020,37211,39
5/28/2020,37212,1
5/28/2020,37213,1
5/28/2020,37214,2
5/28/2020,37216,2
5/28/2020,37217,11
5/28/2020,37218,1
5/28/2020,37221,3
5/29/2020,,7
5/29/2020,37013,21
5/29/2020,37027,1
5/29/2020,37072,3
5/29/2020,37076,3
5/29/2020,37080,1
5/29/2020,37115,16
5/29/2020,37203,1
5/29/2020,37204,1
5/29/2020,37207,6
5/29/2020,37208,1
5/29/2020,37209,5
5/29/2020,37210,8
5/29/2020,37211,23
5/29/2020,37214,3
5/29/2020,37215,1
5/29/2020,37216,3
5/29/2020,37217,9
5/29/2020,37218,1
5/29/2020,37221,3
5/29/2020,37228,1
5/30/2020,,2
5/30/2020,37013,17
5/30/2020,37072,3
5/30/2020,37076,2
5/30/2020,37080,1
5/30/2020,37115,3
5/30/2020,37138,2
5/30/2020,37206,3
5/30/2020,37207,2
5/30/2020,37208,1
5/30/2020,37209,1
5/30/2020,37210,2
5/30/2020,37211,7
5/30/2020,37216,2
5/30/2020,37217,12
5/31/2020,,5
5/31/2020,37013,7
5/31/2020,37072,1
5/31/2020,37076,1
5/31/2020,37115,5
5/31/2020,37138,3
5/31/2020,37203,2
5/31/2020,37206,2
5/31/2020,37207,2
5/31/2020,37210,2
5/31/2020,37211,6
5/31/2020,37214,7
5/31/2020,37215,1
5/31/2020,37217,4
5/31/2020,37220,1
6/1/2020,,11
6/1/2020,37013,52
6/1/2020,37076,5
6/1/2020,37115,12
6/1/2020,37138,2
6/1/2020,37201,1
6/1/2020,37203,2
6/1/2020,37205,1
6/1/2020,37206,1
6/1/2020,37207,17
6/1/2020,37208,3
6/1/2020,37209,7
6/1/2020,37210,3
6/1/2020,37211,42
6/1/2020,37212,1
6/1/2020,37213,1
6/1/2020,37214,6
6/1/2020,37216,2
6/1/2020,37217,15
6/1/2020,37218,5
6/1/2020,37220,1
6/1/2020,37221,1
6/2/2020,,5
6/2/2020,37013,12
6/2/2020,37072,1
6/2/2020,37076,4
6/2/2020,37115,13
6/2/2020,37138,1
6/2/2020,37189,1
6/2/2020,37203,2
6/2/2020,37206,1
6/2/2020,37207,6
6/2/2020,37208,6
6/2/2020,37209,5
6/2/2020,37210,3
6/2/2020,37211,24
6/2/2020,37214,2
6/2/2020,37215,2
6/2/2020,37217,12
6/2/2020,37218,2
6/2/2020,37221,1
6/3/2020,,12
6/3/2020,37013,31
6/3/2020,37027,1
6/3/2020,37072,5
6/3/2020,37076,2
6/3/2020,37080,1
6/3/2020,37115,10
6/3/2020,37189,1
6/3/2020,37203,6
6/3/2020,37204,1
6/3/2020,37205,1
6/3/2020,37206,3
6/3/2020,37207,10
6/3/2020,37208,1
6/3/2020,37209,6
6/3/2020,37210,23
6/3/2020,37211,36
6/3/2020,37212,1
6/3/2020,37213,1
6/3/2020,37214,4
6/3/2020,37215,2
6/3/2020,37216,3
6/3/2020,37217,12
6/3/2020,37218,1
6/4/2020,,8
6/4/2020,37013,37
6/4/2020,37072,7
6/4/2020,37076,4
6/4/2020,37080,4
6/4/2020,37115,20
6/4/2020,37138,1
6/4/2020,37189,3
6/4/2020,37204,3
6/4/2020,37206,3
6/4/2020,37207,19
6/4/2020,37208,7
6/4/2020,37209,13
6/4/2020,37210,11
6/4/2020,37211,34
6/4/2020,37214,6
6/4/2020,37217,10
6/4/2020,37218,3
6/4/2020,37221,3
6/4/2020,37228,1
6/5/2020,,5
6/5/2020,37013,27
6/5/2020,37072,5
6/5/2020,37076,1
6/5/2020,37115,9
6/5/2020,37189,2
6/5/2020,37203,2
6/5/2020,37206,2
6/5/2020,37207,3
6/5/2020,37208,1
6/5/2020,37209,9
6/5/2020,37210,11
6/5/2020,37211,18
6/5/2020,37214,2
6/5/2020,37216,2
6/5/2020,37217,6
6/5/2020,37218,1
6/5/2020,37221,3
6/6/2020,,2
6/6/2020,37013,16
6/6/2020,37072,3
6/6/2020,37076,2
6/6/2020,37115,4
6/6/2020,37138,1
6/6/2020,37203,1
6/6/2020,37206,1
6/6/2020,37207,4
6/6/2020,37209,1
6/6/2020,37210,1
6/6/2020,37211,18
6/6/2020,37212,1
6/6/2020,37214,1
6/6/2020,37215,2
6/6/2020,37217,1
6/6/2020,37218,2
6/6/2020,37221,1
6/7/2020,,4
6/7/2020,37013,10
6/7/2020,37072,4
6/7/2020,37076,3
6/7/2020,37115,1
6/7/2020,37203,1
6/7/2020,37204,2
6/7/2020,37208,3
6/7/2020,37209,1
6/7/2020,37210,1
6/7/2020,37211,6
6/7/2020,37212,1
6/7/2020,37214,2
6/7/2020,37216,1
6/7/2020,37217,4
6/7/2020,37218,1
6/8/2020,,10
6/8/2020,37013,40
6/8/2020,37072,15
6/8/2020,37076,12
6/8/2020,37115,12
6/8/2020,37138,4
6/8/2020,37203,3
6/8/2020,37204,1
6/8/2020,37205,1
6/8/2020,37206,5
6/8/2020,37207,15
6/8/2020,37208,1
6/8/2020,37209,4
6/8/2020,37210,8
6/8/2020,37211,49
6/8/2020,37212,3
6/8/2020,37214,7
6/8/2020,37215,1
6/8/2020,37216,4
6/8/2020,37217,19
6/8/2020,37218,1
6/8/2020,37219,1
6/9/2020,,3
6/9/2020,37013,30
6/9/2020,37072,5
6/9/2020,37076,10
6/9/2020,37080,1
6/9/2020,37115,11
6/9/2020,37138,1
6/9/2020,37203,2
6/9/2020,37204,3
6/9/2020,37205,2
6/9/2020,37206,3
6/9/2020,37207,8
6/9/2020,37208,2
6/9/2020,37209,5
6/9/2020,37210,5
6/9/2020,37211,30
6/9/2020,37212,1
6/9/2020,37214,4
6/9/2020,37215,1
6/9/2020,37216,7
6/9/2020,37217,4
6/9/2020,37218,1
6/9/2020,37221,5
6/10/2020,,6
6/10/2020,37013,30
6/10/2020,37072,4
6/10/2020,37076,7
6/10/2020,37115,16
6/10/2020,37189,1
6/10/2020,37203,1
6/10/2020,37204,4
6/10/2020,37205,2
6/10/2020,37206,1
6/10/2020,37207,13
6/10/2020,37208,5
6/10/2020,37209,8
6/10/2020,37210,3
6/10/2020,37211,43
6/10/2020,37212,1
6/10/2020,37214,7
6/10/2020,37215,6
6/10/2020,37216,3
6/10/2020,37217,9
6/10/2020,37218,2
6/10/2020,37220,2
6/11/2020,,9
6/11/2020,37013,19
6/11/2020,37072,1
6/11/2020,37076,5
6/11/2020,37115,8
6/11/2020,37138,3
6/11/2020,37189,1
6/11/2020,37203,9
6/11/2020,37204,3
6/11/2020,37206,2
6/11/2020,37207,8
6/11/2020,37208,5
6/11/2020,37209,7
6/11/2020,37210,5
6/11/2020,37211,27
6/11/2020,37212,2
6/11/2020,37214,6
6/11/2020,37216,2
6/11/2020,37217,7
6/11/2020,37218,1
6/12/2020,,4
6/12/2020,37013,17
6/12/2020,37072,2
6/12/2020,37076,2
6/12/2020,37115,19
6/12/2020,37138,2
6/12/2020,37203,1
6/12/2020,37204,2
6/12/2020,37206,2
6/12/2020,37207,8
6/12/2020,37209,3
6/12/2020,37210,5
6/12/2020,37211,35
6/12/2020,37212,4
6/12/2020,37213,1
6/12/2020,37215,1
6/12/2020,37216,10
6/12/2020,37217,15
6/12/2020,37218,3
6/12/2020,37221,1
6/13/2020,,4
6/13/2020,37013,19
6/13/2020,37027,1
6/13/2020,37072,5
6/13/2020,37115,50
6/13/2020,37138,1
6/13/2020,37189,3
6/13/2020,37203,2
6/13/2020,37207,1
6/13/2020,37209,3
6/13/2020,37210,2
6/13/2020,37211,15
6/13/2020,37213,1
6/13/2020,37214,1
6/13/2020,37215,2
6/13/2020,37217,11
6/13/2020,37220,1
6/13/2020,37221,2
6/14/2020,,1
6/14/2020,37013,11
6/14/2020,37072,2
6/14/2020,37076,1
6/14/2020,37115,1
6/14/2020,37138,1
6/14/2020,37203,1
6/14/2020,37204,1
6/14/2020,37205,2
6/14/2020,37209,4
6/14/2020,37210,1
6/14/2020,37211,10
6/14/2020,37214,1
6/14/2020,37217,3
6/15/2020,,16
6/15/2020,37013,62
6/15/2020,37027,1
6/15/2020,37072,6
6/15/2020,37076,12
6/15/2020,37080,1
6/15/2020,37115,22
6/15/2020,37138,3
6/15/2020,37189,2
6/15/2020,37203,13
6/15/2020,37204,2
6/15/2020,37205,3
6/15/2020,37206,4
6/15/2020,37207,10
6/15/2020,37208,1
6/15/2020,37209,5
6/15/2020,37210,4
6/15/2020,37211,47
6/15/2020,37213,1
6/15/2020,37214,7
6/15/2020,37215,2
6/15/2020,37216,3
6/15/2020,37217,24
6/15/2020,37221,1
6/16/2020,,13
6/16/2020,37013,41
6/16/2020,37027,2
6/16/2020,37072,3
6/16/2020,37076,11
6/16/2020,37115,10
6/16/2020,37138,2
6/16/2020,37189,1
6/16/2020,37203,8
6/16/2020,37205,2
6/16/2020,37206,7
6/16/2020,37207,6
6/16/2020,37208,7
6/16/2020,37209,9
6/16/2020,37210,3
6/16/2020,37211,34
6/16/2020,37212,1
6/16/2020,37214,3
6/16/2020,37215,2
6/16/2020,37216,6
6/16/2020,37217,12
6/16/2020,37218,10
6/16/2020,37219,1
6/16/2020,37221,3
6/17/2020,,27
6/17/2020,37013,42
6/17/2020,37027,2
6/17/2020,37072,4
6/17/2020,37076,12
6/17/2020,37080,1
6/17/2020,37115,28
6/17/2020,37138,8
6/17/2020,37189,2
6/17/2020,37201,3
6/17/2020,37203,17
6/17/2020,37204,1
6/17/2020,37205,3
6/17/2020,37206,4
6/17/2020,37207,7
6/17/2020,37208,6
6/17/2020,37209,9
6/17/2020,37210,6
6/17/2020,37211,38
6/17/2020,37212,2
6/17/2020,37214,2
6/17/2020,37215,2
6/17/2020,37216,1
6/17/2020,37217,10
6/17/2020,37218,3
6/17/2020,37220,4
6/17/2020,37221,2
6/17/2020,37228,1
6/18/2020,,19
6/18/2020,37013,34
6/18/2020,37027,1
6/18/2020,37072,4
6/18/2020,37076,8
6/18/2020,37080,5
6/18/2020,37115,15
6/18/2020,37138,3
6/18/2020,37203,21
6/18/2020,37204,6
6/18/2020,37205,7
6/18/2020,37206,6
6/18/2020,37207,6
6/18/2020,37208,7
6/18/2020,37209,8
6/18/2020,37210,14
6/18/2020,37211,72
6/18/2020,37212,2
6/18/2020,37214,7
6/18/2020,37215,1
6/18/2020,37216,4
6/18/2020,37217,3
6/18/2020,37218,2
6/18/2020,37219,1
6/18/2020,37221,4
6/18/2020,37228,2
6/19/2020,,11
6/19/2020,37013,35
6/19/2020,37027,1
6/19/2020,37072,8
6/19/2020,37076,2
6/19/2020,37115,16
6/19/2020,37138,8
6/19/2020,37189,1
6/19/2020,37201,2
6/19/2020,37203,17
6/19/2020,37204,5
6/19/2020,37205,4
6/19/2020,37206,4
6/19/2020,37207,15
6/19/2020,37208,5
6/19/2020,37209,10
6/19/2020,37210,4
6/19/2020,37211,24
6/19/2020,37212,1
6/19/2020,37214,5
6/19/2020,37215,2
6/19/2020,37216,7
6/19/2020,37217,13
6/19/2020,37219,3
6/19/2020,37221,3
6/20/2020,,5
6/20/2020,37013,16
6/20/2020,37072,5
6/20/2020,37076,4
6/20/2020,37115,1
6/20/2020,37138,2
6/20/2020,37201,2
6/20/2020,37203,7
6/20/2020,37204,5
6/20/2020,37206,2
6/20/2020,37207,5
6/20/2020,37208,5
6/20/2020,37209,6
6/20/2020,37210,5
6/20/2020,37211,12
6/20/2020,37212,2
6/20/2020,37214,5
6/20/2020,37216,1
6/20/2020,37217,4
6/20/2020,37218,2
6/20/2020,37219,1
6/20/2020,37221,5
6/21/2020,,4
6/21/2020,37013,16
6/21/2020,37072,5
6/21/2020,37076,4
6/21/2020,37115,3
6/21/2020,37201,3
6/21/2020,37203,7
6/21/2020,37204,3
6/21/2020,37205,2
6/21/2020,37206,4
6/21/2020,37207,4
6/21/2020,37208,5
6/21/2020,37209,3
6/21/2020,37210,2
6/21/2020,37211,10
6/21/2020,37212,1
6/21/2020,37214,4
6/21/2020,37215,2
6/21/2020,37217,6
6/21/2020,37218,3
6/21/2020,37219,3
6/21/2020,37220,3
6/21/2020,37221,4
6/22/2020,,28
6/22/2020,37013,59
6/22/2020,37027,2
6/22/2020,37072,1
6/22/2020,37076,16
6/22/2020,37115,25
6/22/2020,37138,6
6/22/2020,37189,2
6/22/2020,37201,2
6/22/2020,37203,29
6/22/2020,37204,5
6/22/2020,37205,7
6/22/2020,37206,15
6/22/2020,37207,18
6/22/2020,37208,13
6/22/2020,37209,21
6/22/2020,37210,10
6/22/2020,37211,31
6/22/2020,37212,3
6/22/2020,37214,14
6/22/2020,37215,5
6/22/2020,37216,9
6/22/2020,37217,13
6/22/2020,37218,7
6/22/2020,37221,9
6/22/2020,37228,1
6/23/2020,,29
6/23/2020,37013,68
6/23/2020,37027,1
6/23/2020,37072,8
6/23/2020,37076,10
6/23/2020,37115,13
6/23/2020,37138,5
6/23/2020,37189,1
6/23/2020,37201,2
6/23/2020,37203,30
6/23/2020,37204,7
6/23/2020,37205,2
6/23/2020,37206,5
6/23/2020,37207,23
6/23/2020,37208,11
6/23/2020,37209,31
6/23/2020,37210,16
6/23/2020,37211,29
6/23/2020,37212,8
6/23/2020,37214,10
6/23/2020,37215,9
6/23/2020,37216,7
6/23/2020,37217,16
6/23/2020,37218,8
6/23/2020,37220,5
6/23/2020,37221,4
6/23/2020,37228,1
6/24/2020,,20
6/24/2020,37013,61
6/24/2020,37072,10
6/24/2020,37076,16
6/24/2020,37115,22
6/24/2020,37138,8
6/24/2020,37189,1
6/24/2020,37201,2
6/24/2020,37203,32
6/24/2020,37204,6
6/24/2020,37205,7
6/24/2020,37206,22
6/24/2020,37207,31
6/24/2020,37208,18
6/24/2020,37209,24
6/24/2020,37210,9
6/24/2020,37211,159
6/24/2020,37212,10
6/24/2020,37214,7
6/24/2020,37215,3
6/24/2020,37216,5
6/24/2020,37217,8
6/24/2020,37218,7
6/24/2020,37220,1
6/24/2020,37221,9
6/24/2020,37228,3
6/25/2020,,34
6/25/2020,37013,58
6/25/2020,37027,1
6/25/2020,37072,10
6/25/2020,37076,7
6/25/2020,37115,22
6/25/2020,37138,4
6/25/2020,37201,4
6/25/2020,37203,28
6/25/2020,37204,8
6/25/2020,37205,8
6/25/2020,37206,12
6/25/2020,37207,25
6/25/2020,37208,14
6/25/2020,37209,10
6/25/2020,37210,10
6/25/2020,37211,48
6/25/2020,37212,7
6/25/2020,37214,8
6/25/2020,37215,6
6/25/2020,37216,14
6/25/2020,37217,12
6/25/2020,37218,8
6/25/2020,37219,1
6/25/2020,37220,3
6/25/2020,37221,4
6/25/2020,37228,1
6/26/2020,,24
6/26/2020,37013,57
6/26/2020,37027,2
6/26/2020,37072,5
6/26/2020,37076,13
6/26/2020,37080,1
6/26/2020,37115,16
6/26/2020,37138,6
6/26/2020,37189,1
6/26/2020,37201,1
6/26/2020,37203,16
6/26/2020,37204,7
6/26/2020,37205,9
6/26/2020,37206,18
6/26/2020,37207,19
6/26/2020,37208,17
6/26/2020,37209,24
6/26/2020,37210,9
6/26/2020,37211,42
6/26/2020,37212,7
6/26/2020,37214,5
6/26/2020,37215,5
6/26/2020,37216,10
6/26/2020,37217,10
6/26/2020,37218,6
6/26/2020,37219,2
6/26/2020,37221,11
6/26/2020,37228,3
6/27/2020,,13
6/27/2020,37013,23
6/27/2020,37072,4
6/27/2020,37076,8
6/27/2020,37080,3
6/27/2020,37115,10
6/27/2020,37189,1
6/27/2020,37201,4
6/27/2020,37203,5
6/27/2020,37204,4
6/27/2020,37205,5
6/27/2020,37206,10
6/27/2020,37207,13
6/27/2020,37208,7
6/27/2020,37209,7
6/27/2020,37210,7
6/27/2020,37211,21
6/27/2020,37212,5
6/27/2020,37214,7
6/27/2020,37215,11
6/27/2020,37216,9
6/27/2020,37217,3
6/27/2020,37218,3
6/27/2020,37219,2
6/27/2020,37220,1
6/27/2020,37221,6
6/28/2020,,13
6/28/2020,37013,14
6/28/2020,37072,6
6/28/2020,37076,8
6/28/2020,37115,1
6/28/2020,37138,2
6/28/2020,37201,2
6/28/2020,37203,7
6/28/2020,37204,1
6/28/2020,37205,6
6/28/2020,37206,3
6/28/2020,37207,11
6/28/2020,37208,7
6/28/2020,37209,12
6/28/2020,37210,6
6/28/2020,37211,10
6/28/2020,37212,5
6/28/2020,37214,4
6/28/2020,37215,6
6/28/2020,37216,3
6/28/2020,37217,5
6/28/2020,37219,1
6/28/2020,37221,6
6/28/2020,37228,1
6/29/2020,,35
6/29/2020,37013,70
6/29/2020,37027,1
6/29/2020,37069,1
6/29/2020,37072,4
6/29/2020,37076,21
6/29/2020,37115,16
6/29/2020,37138,11
6/29/2020,37189,4
6/29/2020,37203,19
6/29/2020,37204,13
6/29/2020,37205,3
6/29/2020,37206,16
6/29/2020,37207,26
6/29/2020,37208,8
6/29/2020,37209,21
6/29/2020,37210,10
6/29/2020,37211,40
6/29/2020,37212,5
6/29/2020,37214,15
6/29/2020,37215,10
6/29/2020,37216,10
6/29/2020,37217,11
6/29/2020,37218,19
6/29/2020,37219,1
6/29/2020,37220,1
6/29/2020,37221,21
6/30/2020,,34
6/30/2020,37013,60
6/30/2020,37027,2
6/30/2020,37072,8
6/30/2020,37076,14
6/30/2020,37080,3
6/30/2020,37115,28
6/30/2020,37138,7
6/30/2020,37189,1
6/30/2020,37201,1
6/30/2020,37203,24
6/30/2020,37204,8
6/30/2020,37205,10
6/30/2020,37206,25
6/30/2020,37207,32
6/30/2020,37208,20
6/30/2020,37209,26
6/30/2020,37210,10
6/30/2020,37211,52
6/30/2020,37212,2
6/30/2020,37214,7
6/30/2020,37215,9
6/30/2020,37216,13
6/30/2020,37217,21
6/30/2020,37218,5
6/30/2020,37219,3
6/30/2020,37220,2
6/30/2020,37221,14
6/30/2020,37228,2
7/1/2020,,20
7/1/2020,37013,54
7/1/2020,37027,1
7/1/2020,37072,7
7/1/2020,37076,19
7/1/2020,37115,29
7/1/2020,37138,12
7/1/2020,37189,2
7/1/2020,37203,29
7/1/2020,37204,7
7/1/2020,37205,18
7/1/2020,37206,14
7/1/2020,37207,27
7/1/2020,37208,20
7/1/2020,37209,23
7/1/2020,37210,11
7/1/2020,37211,42
7/1/2020,37212,5
7/1/2020,37214,13
7/1/2020,37215,13
7/1/2020,37216,10
7/1/2020,37217,19
7/1/2020,37218,10
7/1/2020,37219,3
7/1/2020,37220,3
7/1/2020,37221,18
7/1/2020,37228,2
7/2/2020,,30
7/2/2020,37013,44
7/2/2020,37027,4
7/2/2020,37072,8
7/2/2020,37076,17
7/2/2020,37080,5
7/2/2020,37115,19
7/2/2020,37138,10
7/2/2020,37189,5
7/2/2020,37201,1
7/2/2020,37203,19
7/2/2020,37204,10
7/2/2020,37205,10
7/2/2020,37206,17
7/2/2020,37207,46
7/2/2020,37208,12
7/2/2020,37209,18
7/2/2020,37210,7
7/2/2020,37211,39
7/2/2020,37212,3
7/2/2020,37214,8
7/2/2020,37215,3
7/2/2020,37216,11
7/2/2020,37217,23
7/2/2020,37218,7
7/2/2020,37219,3
7/2/2020,37220,2
7/2/2020,37221,7
7/2/2020,37228,2
7/3/2020,,23
7/3/2020,37013,47
7/3/2020,37027,3
7/3/2020,37072,6
7/3/2020,37076,17
7/3/2020,37115,14
7/3/2020,37138,10
7/3/2020,37189,3
7/3/2020,37201,3
7/3/2020,37203,14
7/3/2020,37204,3
7/3/2020,37205,6
7/3/2020,37206,10
7/3/2020,37207,14
7/3/2020,37208,5
7/3/2020,37209,14
7/3/2020,37210,6
7/3/2020,37211,26
7/3/2020,37212,7
7/3/2020,37214,11
7/3/2020,37215,6
7/3/2020,37216,5
7/3/2020,37217,10
7/3/2020,37218,3
7/3/2020,37219,1
7/3/2020,37220,2
7/3/2020,37221,11
7/3/2020,37228,2
7/4/2020,,7
7/4/2020,37013,20
7/4/2020,37027,2
7/4/2020,37072,3
7/4/2020,37076,4
7/4/2020,37115,6
7/4/2020,37201,1
7/4/2020,37203,6
7/4/2020,37205,6
7/4/2020,37206,3
7/4/2020,37207,8
7/4/2020,37208,4
7/4/2020,37209,8
7/4/2020,37211,5
7/4/2020,37212,2
7/4/2020,37214,4
7/4/2020,37215,3
7/4/2020,37216,4
7/4/2020,37217,5
7/4/2020,37218,3
7/4/2020,37221,10
7/5/2020,,18
7/5/2020,37013,37
7/5/2020,37072,6
7/5/2020,37076,11
7/5/2020,37115,13
7/5/2020,37189,2
7/5/2020,37203,8
7/5/2020,37204,4
7/5/2020,37205,3
7/5/2020,37206,3
7/5/2020,37207,14
7/5/2020,37208,9
7/5/2020,37209,11
7/5/2020,37210,2
7/5/2020,37211,90
7/5/2020,37212,2
7/5/2020,37214,3
7/5/2020,37215,1
7/5/2020,37216,3
7/5/2020,37217,10
7/5/2020,37218,2
7/5/2020,37221,10
7/5/2020,37228,2
7/6/2020,,32
7/6/2020,37013,119
7/6/2020,37027,4
7/6/2020,37072,28
7/6/2020,37076,17
7/6/2020,37080,3
7/6/2020,37115,31
7/6/2020,37138,10
7/6/2020,37189,2
7/6/2020,37201,5
7/6/2020,37203,36
7/6/2020,37204,16
7/6/2020,37205,10
7/6/2020,37206,17
7/6/2020,37207,40
7/6/2020,37208,24
7/6/2020,37209,34
7/6/2020,37210,13
7/6/2020,37211,81
7/6/2020,37212,12
7/6/2020,37213,3
7/6/2020,37214,20
7/6/2020,37215,10
7/6/2020,37216,17
7/6/2020,37217,22
7/6/2020,37218,10
7/6/2020,37219,2
7/6/2020,37220,1
7/6/2020,37221,17
7/7/2020,,33
7/7/2020,37013,83
7/7/2020,37027,3
7/7/2020,37072,17
7/7/2020,37076,26
7/7/2020,37080,3
7/7/2020,37115,24
7/7/2020,37138,21
7/7/2020,37189,4
7/7/2020,37201,2
7/7/2020,37203,28
7/7/2020,37204,9
7/7/2020,37205,12
7/7/2020,37206,17
7/7/2020,37207,30
7/7/2020,37208,19
7/7/2020,37209,35
7/7/2020,37210,18
7/7/2020,37211,67
7/7/2020,37212,5
7/7/2020,37213,1
7/7/2020,37214,18
7/7/2020,37215,12
7/7/2020,37216,13
7/7/2020,37217,17
7/7/2020,37218,7
7/7/2020,37219,1
7/7/2020,37220,3
7/7/2020,37221,13
7/7/2020,37228,6
7/8/2020,,25
7/8/2020,37013,94
7/8/2020,37027,3
7/8/2020,37069,1
7/8/2020,37072,12
7/8/2020,37076,23
7/8/2020,37080,3
7/8/2020,37115,41
7/8/2020,37138,8
7/8/2020,37189,1
7/8/2020,37201,1
7/8/2020,37203,18
7/8/2020,37204,14
7/8/2020,37205,12
7/8/2020,37206,14
7/8/2020,37207,47
7/8/2020,37208,19
7/8/2020,37209,32
7/8/2020,37210,8
7/8/2020,37211,42
7/8/2020,37212,9
7/8/2020,37214,16
7/8/2020,37215,11
7/8/2020,37216,13
7/8/2020,37217,19
7/8/2020,37218,21
7/8/2020,37221,21
7/8/2020,37228,1
7/9/2020,,16
7/9/2020,37013,89
7/9/2020,37027,1
7/9/2020,37072,11
7/9/2020,37076,26
7/9/2020,37080,1
7/9/2020,37115,22
7/9/2020,37138,4
7/9/2020,37203,29
7/9/2020,37204,2
7/9/2020,37205,5
7/9/2020,37206,13
7/9/2020,37207,31
7/9/2020,37208,10
7/9/2020,37209,26
7/9/2020,37210,19
7/9/2020,37211,56
7/9/2020,37212,5
7/9/2020,37213,1
7/9/2020,37214,18
7/9/2020,37215,8
7/9/2020,37216,11
7/9/2020,37217,13
7/9/2020,37218,6
7/9/2020,37219,3
7/9/2020,37220,1
7/9/2020,37221,12
7/9/2020,37228,4
7/10/2020,,30
7/10/2020,37013,69
7/10/2020,37027,4
7/10/2020,37072,10
7/10/2020,37076,15
7/10/2020,37115,21
7/10/2020,37138,9
7/10/2020,37189,1
7/10/2020,37201,1
7/10/2020,37203,20
7/10/2020,37204,8
7/10/2020,37205,11
7/10/2020,37206,24
7/10/2020,37207,22
7/10/2020,37208,16
7/10/2020,37209,31
7/10/2020,37210,10
7/10/2020,37211,35
7/10/2020,37212,5
7/10/2020,37214,9
7/10/2020,37215,11
7/10/2020,37216,17
7/10/2020,37217,14
7/10/2020,37218,10
7/10/2020,37220,2
7/10/2020,37221,15
7/11/2020,,20
7/11/2020,37013,39
7/11/2020,37072,3
7/11/2020,37076,14
7/11/2020,37115,11
7/11/2020,37138,11
7/11/2020,37189,2
7/11/2020,37201,1
7/11/2020,37203,9
7/11/2020,37204,3
7/11/2020,37205,7
7/11/2020,37206,1
7/11/2020,37207,8
7/11/2020,37208,5
7/11/2020,37209,20
7/11/2020,37210,1
7/11/2020,37211,44
7/11/2020,37212,4
7/11/2020,37214,10
7/11/2020,37215,7
7/11/2020,37216,2
7/11/2020,37217,15
7/11/2020,37218,5
7/11/2020,37220,1
7/11/2020,37221,15
7/12/2020,,9
7/12/2020,37013,25
7/12/2020,37027,2
7/12/2020,37072,5
7/12/2020,37076,8
7/12/2020,37115,17
7/12/2020,37138,8
7/12/2020,37189,1
7/12/2020,37203,6
7/12/2020,37204,6
7/12/2020,37205,5
7/12/2020,37206,6
7/12/2020,37207,8
7/12/2020,37208,5
7/12/2020,37209,10
7/12/2020,37210,1
7/12/2020,37211,12
7/12/2020,37212,4
7/12/2020,37214,5
7/12/2020,37215,4
7/12/2020,37216,5
7/12/2020,37217,3
7/12/2020,37218,5
7/12/2020,37219,1
7/12/2020,37221,10
7/12/2020,37228,1
7/13/2020,,41
7/13/2020,37013,93
7/13/2020,37027,1
7/13/2020,37072,13
7/13/2020,37076,22
7/13/2020,37080,5
7/13/2020,37115,17
7/13/2020,37138,11
7/13/2020,37189,12
7/13/2020,37201,1
7/13/2020,37203,16
7/13/2020,37204,13
7/13/2020,37205,7
7/13/2020,37206,7
7/13/2020,37207,37
7/13/2020,37208,21
7/13/2020,37209,24
7/13/2020,37210,10
7/13/2020,37211,67
7/13/2020,37212,9
7/13/2020,37213,9
7/13/2020,37214,20
7/13/2020,37215,15
7/13/2020,37216,8
7/13/2020,37217,19
7/13/2020,37218,14
7/13/2020,37220,1
7/13/2020,37221,16
7/13/2020,37228,3
7/14/2020,,29
7/14/2020,37013,86
7/14/2020,37027,4
7/14/2020,37072,15
7/14/2020,37076,24
7/14/2020,37080,2
7/14/2020,37115,22
7/14/2020,37138,7
7/14/2020,37189,6
7/14/2020,37201,7
7/14/2020,37203,22
7/14/2020,37204,8
7/14/2020,37205,8
7/14/2020,37206,13
7/14/2020,37207,26
7/14/2020,37208,13
7/14/2020,37209,23
7/14/2020,37210,15
7/14/2020,37211,38
7/14/2020,37212,5
7/14/2020,37213,1
7/14/2020,37214,9
7/14/2020,37215,11
7/14/2020,37216,10
7/14/2020,37217,22
7/14/2020,37218,5
7/14/2020,37219,2
7/14/2020,37220,2
7/14/2020,37221,16
7/14/2020,37228,4
7/15/2020,,40
7/15/2020,37013,63
7/15/2020,37027,4
7/15/2020,37072,9
7/15/2020,37076,12
7/15/2020,37080,2
7/15/2020,37115,25
7/15/2020,37138,7
7/15/2020,37203,13
7/15/2020,37204,7
7/15/2020,37205,15
7/15/2020,37206,17
7/15/2020,37207,24
7/15/2020,37208,18
7/15/2020,37209,17
7/15/2020,37210,7
7/15/2020,37211,45
7/15/2020,37212,6
7/15/2020,37214,15
7/15/2020,37215,8
7/15/2020,37216,5
7/15/2020,37217,20
7/15/2020,37218,6
7/15/2020,37221,13
7/15/2020,37228,2
7/16/2020,,39
7/16/2020,37013,82
7/16/2020,37027,4
7/16/2020,37072,7
7/16/2020,37076,12
7/16/2020,37115,22
7/16/2020,37138,2
7/16/2020,37203,9
7/16/2020,37204,5
7/16/2020,37205,6
7/16/2020,37206,8
7/16/2020,37207,37
7/16/2020,37208,11
7/16/2020,37209,19
7/16/2020,37210,5
7/16/2020,37211,51
7/16/2020,37212,3
7/16/2020,37214,13
7/16/2020,37215,5
7/16/2020,37216,8
7/16/2020,37217,18
7/16/2020,37218,3
7/16/2020,37220,3
7/16/2020,37221,8
7/16/2020,37228,2
7/17/2020,,19
7/17/2020,37013,47
7/17/2020,37027,1
7/17/2020,37072,12
7/17/2020,37076,9
7/17/2020,37080,4
7/17/2020,37115,11
7/17/2020,37138,5
7/17/2020,37189,3
7/17/2020,37201,1
7/17/2020,37203,3
7/17/2020,37204,4
7/17/2020,37205,7
7/17/2020,37206,9
7/17/2020,37207,24
7/17/2020,37208,12
7/17/2020,37209,14
7/17/2020,37210,5
7/17/2020,37211,37
7/17/2020,37212,1
7/17/2020,37214,9
7/17/2020,37215,4
7/17/2020,37216,3
7/17/2020,37217,10
7/17/2020,37218,7
7/17/2020,37220,1
7/17/2020,37221,8
7/17/2020,37228,1
7/18/2020,,17
7/18/2020,37013,37
7/18/2020,37072,6
7/18/2020,37076,11
7/18/2020,37080,2
7/18/2020,37115,7
7/18/2020,37138,4
7/18/2020,37189,1
7/18/2020,37203,4
7/18/2020,37204,8
7/18/2020,37205,1
7/18/2020,37206,2
7/18/2020,37207,18
7/18/2020,37208,6
7/18/2020,37209,5
7/18/2020,37210,4
7/18/2020,37211,13
7/18/2020,37212,1
7/18/2020,37214,4
7/18/2020,37215,4
7/18/2020,37216,1
7/18/2020,37217,9
7/18/2020,37218,4
7/18/2020,37221,5
7/19/2020,,17
7/19/2020,37013,19
7/19/2020,37027,1
7/19/2020,37072,4
7/19/2020,37076,9
7/19/2020,37115,13
7/19/2020,37138,3
7/19/2020,37189,1
7/19/2020,37203,1
7/19/2020,37204,2
7/19/2020,37205,4
7/19/2020,37206,2
7/19/2020,37207,13
7/19/2020,37208,1
7/19/2020,37209,9
7/19/2020,37210,2
7/19/2020,37211,20
7/19/2020,37214,6
7/19/2020,37215,6
7/19/2020,37216,4
7/19/2020,37217,14
7/19/2020,37218,4
7/19/2020,37220,1
7/19/2020,37221,6
7/20/2020,,26
7/20/2020,37013,62
7/20/2020,37027,4
7/20/2020,37072,6
7/20/2020,37076,21
7/20/2020,37080,1
7/20/2020,37115,19
7/20/2020,37138,12
7/20/2020,37189,8
7/20/2020,37201,1
7/20/2020,37203,9
7/20/2020,37204,3
7/20/2020,37205,4
7/20/2020,37206,9
7/20/2020,37207,22
7/20/2020,37208,7
7/20/2020,37209,18
7/20/2020,37210,26
7/20/2020,37211,44
7/20/2020,37212,6
7/20/2020,37214,14
7/20/2020,37215,12
7/20/2020,37216,8
7/20/2020,37217,28
7/20/2020,37218,8
7/20/2020,37219,1
7/20/2020,37220,1
7/20/2020,37221,11
7/21/2020,,19
7/21/2020,37013,71
7/21/2020,37027,2
7/21/2020,37072,9
7/21/2020,37076,9
7/21/2020,37080,1
7/21/2020,37115,22
7/21/2020,37138,7
7/21/2020,37189,2
7/21/2020,37201,2
7/21/2020,37203,19
7/21/2020,37204,9
7/21/2020,37205,5
7/21/2020,37206,14
7/21/2020,37207,14
7/21/2020,37208,10
7/21/2020,37209,17
7/21/2020,37210,7
7/21/2020,37211,25
7/21/2020,37212,2
7/21/2020,37214,13
7/21/2020,37215,10
7/21/2020,37216,5
7/21/2020,37217,8
7/21/2020,37218,3
7/21/2020,37220,1
7/21/2020,37221,8
7/21/2020,37228,1
7/22/2020,,14
7/22/2020,37013,54
7/22/2020,37027,1
7/22/2020,37072,7
7/22/2020,37076,10
7/22/2020,37115,11
7/22/2020,37138,4
7/22/2020,37189,6
7/22/2020,37201,1
7/22/2020,37203,2
7/22/2020,37204,7
7/22/2020,37205,7
7/22/2020,37206,6
7/22/2020,37207,12
7/22/2020,37208,6
7/22/2020,37209,8
7/22/2020,37210,8
7/22/2020,37211,35
7/22/2020,37212,1
7/22/2020,37214,11
7/22/2020,37215,1
7/22/2020,37216,4
7/22/2020,37217,13
7/22/2020,37218,3
7/22/2020,37220,1
7/22/2020,37221,13
7/22/2020,37228,1
7/23/2020,,16
7/23/2020,37013,47
7/23/2020,37072,9
7/23/2020,37076,9
7/23/2020,37115,10
7/23/2020,37138,2
7/23/2020,37189,1
7/23/2020,37203,7
7/23/2020,37204,4
7/23/2020,37205,4
7/23/2020,37206,6
7/23/2020,37207,21
7/23/2020,37208,2
7/23/2020,37209,6
7/23/2020,37210,3
7/23/2020,37211,23
7/23/2020,37212,2
7/23/2020,37214,10
7/23/2020,37215,2
7/23/2020,37216,2
7/23/2020,37217,14
7/23/2020,37218,8
7/23/2020,37219,1
7/23/2020,37221,16
7/24/2020,,13
7/24/2020,37013,57
7/24/2020,37027,2
7/24/2020,37069,1
7/24/2020,37072,10
7/24/2020,37076,9
7/24/2020,37115,8
7/24/2020,37189,1
7/24/2020,37203,4
7/24/2020,37204,1
7/24/2020,37205,2
7/24/2020,37206,8
7/24/2020,37207,17
7/24/2020,37208,2
7/24/2020,37209,8
7/24/2020,37210,3
7/24/2020,37211,29
7/24/2020,37212,3
7/24/2020,37214,9
7/24/2020,37215,2
7/24/2020,37216,1
7/24/2020,37217,15
7/24/2020,37218,1
7/24/2020,37219,1
7/24/2020,37221,7
7/25/2020,,4
7/25/2020,37013,11
7/25/2020,37072,3
7/25/2020,37076,6
7/25/2020,37115,6
7/25/2020,37138,7
7/25/2020,37189,1
7/25/2020,37201,1
7/25/2020,37203,4
7/25/2020,37204,2
7/25/2020,37205,1
7/25/2020,37206,1
7/25/2020,37207,11
7/25/2020,37208,1
7/25/2020,37209,7
7/25/2020,37210,2
7/25/2020,37211,7
7/25/2020,37214,3
7/25/2020,37215,3
7/25/2020,37216,4
7/25/2020,37217,8
7/25/2020,37218,6
7/25/2020,37220,1
7/25/2020,37221,3
7/26/2020,,4
7/26/2020,37013,16
7/26/2020,37072,1
7/26/2020,37076,2
7/26/2020,37115,1
7/26/2020,37189,1
7/26/2020,37203,3
7/26/2020,37204,1
7/26/2020,37205,2
7/26/2020,37206,4
7/26/2020,37207,3
7/26/2020,37208,1
7/26/2020,37209,4
7/26/2020,37210,1
7/26/2020,37211,5
7/26/2020,37214,2
7/26/2020,37215,4
7/26/2020,37216,2
7/26/2020,37217,1
7/26/2020,37218,4
7/26/2020,37221,1
7/27/2020,,10
7/27/2020,37013,62
7/27/2020,37072,12
7/27/2020,37076,7
7/27/2020,37080,1
7/27/2020,37115,14
7/27/2020,37138,8
7/27/2020,37189,2
7/27/2020,37203,9
7/27/2020,37204,8
7/27/2020,37205,5
7/27/2020,37206,6
7/27/2020,37207,24
7/27/2020,37208,8
7/27/2020,37209,16
7/27/2020,37210,4
7/27/2020,37211,35
7/27/2020,37212,3
7/27/2020,37214,8
7/27/2020,37215,11
7/27/2020,37216,7
7/27/2020,37217,18
7/27/2020,37219,1
7/27/2020,37220,2
7/27/2020,37221,7
7/28/2020,,21
7/28/2020,37013,34
7/28/2020,37072,5
7/28/2020,37076,10
7/28/2020,37115,11
7/28/2020,37138,4
7/28/2020,37201,1
7/28/2020,37203,6
7/28/2020,37204,4
7/28/2020,37205,3
7/28/2020,37206,7
7/28/2020,37207,24
7/28/2020,37208,6
7/28/2020,37209,16
7/28/2020,37210,6
7/28/2020,37211,21
7/28/2020,37212,2
7/28/2020,37214,3
7/28/2020,37216,3
7/28/2020,37217,9
7/28/2020,37218,5
7/28/2020,37220,2
7/28/2020,37221,7
7/28/2020,37228,1
7/29/2020,,8
7/29/2020,37013,44
7/29/2020,37072,14
7/29/2020,37076,4
7/29/2020,37115,9
7/29/2020,37138,7
7/29/2020,37189,1
7/29/2020,37201,1
7/29/2020,37203,2
7/29/2020,37204,2
7/29/2020,37205,4
7/29/2020,37206,5
7/29/2020,37207,9
7/29/2020,37208,3
7/29/2020,37209,7
7/29/2020,37210,1
7/29/2020,37211,30
7/29/2020,37212,3
7/29/2020,37214,5
7/29/2020,37217,10
7/29/2020,37218,6
7/29/2020,37219,1
7/29/2020,37221,9
7/30/2020,,10
7/30/2020,37013,27
7/30/2020,37072,8
7/30/2020,37076,5
7/30/2020,37115,12
7/30/2020,37138,2
7/30/2020,37189,1
7/30/2020,37201,2
7/30/2020,37203,9
7/30/2020,37204,4
7/30/2020,37205,1
7/30/2020,37206,10
7/30/2020,37207,16
7/30/2020,37208,7
7/30/2020,37209,20
7/30/2020,37210,6
7/30/2020,37211,25
7/30/2020,37212,3
7/30/2020,37214,9
7/30/2020,37215,2
7/30/2020,37216,5
7/30/2020,37217,10
7/30/2020,37218,3
7/30/2020,37221,8
7/31/2020,,5
7/31/2020,37013,30
7/31/2020,37072,6
7/31/2020,37076,15
7/31/2020,37115,10
7/31/2020,37138,7
7/31/2020,37203,6
7/31/2020,37204,3
7/31/2020,37205,2
7/31/2020,37206,7
7/31/2020,37207,18
7/31/2020,37208,7
7/31/2020,37209,8
7/31/2020,37210,9
7/31/2020,37211,21
7/31/2020,37212,2
7/31/2020,37214,1
7/31/2020,37215,2
7/31/2020,37216,4
7/31/2020,37217,19
7/31/2020,37218,5
7/31/2020,37220,1
7/31/2020,37221,5
8/1/2020,,5
8/1/2020,37013,20
8/1/2020,37072,3
8/1/2020,37076,4
8/1/2020,37115,10
8/1/2020,37138,4
8/1/2020,37203,1
8/1/2020,37204,2
8/1/2020,37205,2
8/1/2020,37206,1
8/1/2020,37207,7
8/1/2020,37208,1
8/1/2020,37209,3
8/1/2020,37210,1
8/1/2020,37211,10
8/1/2020,37212,2
8/1/2020,37214,5
8/1/2020,37215,2
8/1/2020,37216,4
8/1/2020,37217,5
8/1/2020,37218,1
8/1/2020,37221,9
8/1/2020,37228,1
8/2/2020,,7
8/2/2020,37013,15
8/2/2020,37072,3
8/2/2020,37076,1
8/2/2020,37115,7
8/2/2020,37138,1
8/2/2020,37203,3
8/2/2020,37205,1
8/2/2020,37206,2
8/2/2020,37207,8
8/2/2020,37208,1
8/2/2020,37209,8
8/2/2020,37210,8
8/2/2020,37211,8
8/2/2020,37212,2
8/2/2020,37214,5
8/2/2020,37215,3
8/2/2020,37216,1
8/2/2020,37217,4
8/2/2020,37218,2
8/2/2020,37221,4
8/3/2020,,11
8/3/2020,37013,44
8/3/2020,37072,2
8/3/2020,37076,15
8/3/2020,37115,18
8/3/2020,37138,6
8/3/2020,37189,2
8/3/2020,37201,1
8/3/2020,37203,4
8/3/2020,37204,4
8/3/2020,37205,6
8/3/2020,37206,12
8/3/2020,37207,16
8/3/2020,37208,9
8/3/2020,37209,13
8/3/2020,37210,2
8/3/2020,37211,33
8/3/2020,37213,1
8/3/2020,37214,9
8/3/2020,37215,8
8/3/2020,37216,5
8/3/2020,37217,8
8/3/2020,37218,6
8/3/2020,37221,6
8/4/2020,,18
8/4/2020,37013,27
8/4/2020,37027,2
8/4/2020,37072,7
8/4/2020,37076,11
8/4/2020,37115,10
8/4/2020,37138,4
8/4/2020,37189,2
8/4/2020,37201,1
8/4/2020,37203,7
8/4/2020,37204,3
8/4/2020,37205,8
8/4/2020,37206,5
8/4/2020,37207,7
8/4/2020,37208,5
8/4/2020,37209,15
8/4/2020,37210,5
8/4/2020,37211,131
8/4/2020,37212,2
8/4/2020,37214,2
8/4/2020,37215,3
8/4/2020,37216,2
8/4/2020,37217,10
8/4/2020,37218,10
8/4/2020,37221,6
8/4/2020,37228,1
8/5/2020,,10
8/5/2020,37013,68
8/5/2020,37027,3
8/5/2020,37072,10
8/5/2020,37076,7
8/5/2020,37080,1
8/5/2020,37115,9
8/5/2020,37138,4
8/5/2020,37189,1
8/5/2020,37201,1
8/5/2020,37203,1
8/5/2020,37204,7
8/5/2020,37205,3
8/5/2020,37206,8
8/5/2020,37207,13
8/5/2020,37208,3
8/5/2020,37209,18
8/5/2020,37210,11
8/5/2020,37211,22
8/5/2020,37212,3
8/5/2020,37214,6
8/5/2020,37215,3
8/5/2020,37216,4
8/5/2020,37217,8
8/5/2020,37218,11
8/5/2020,37219,1
8/5/2020,37220,3
8/5/2020,37221,13
8/6/2020,,8
8/6/2020,37013,39
8/6/2020,37072,2
8/6/2020,37076,9
8/6/2020,37080,1
8/6/2020,37115,9
8/6/2020,37138,4
8/6/2020,37189,1
8/6/2020,37203,1
8/6/2020,37204,1
8/6/2020,37205,9
8/6/2020,37206,7
8/6/2020,37207,12
8/6/2020,37208,5
8/6/2020,37209,14
8/6/2020,37210,4
8/6/2020,37211,14
8/6/2020,37212,1
8/6/2020,37214,9
8/6/2020,37215,4
8/6/2020,37216,1
8/6/2020,37217,21
8/6/2020,37218,4
8/6/2020,37219,2
8/6/2020,37221,9
8/7/2020,,19
8/7/2020,37013,55
8/7/2020,37027,1
8/7/2020,37072,6
8/7/2020,37076,11
8/7/2020,37115,17
8/7/2020,37138,4
8/7/2020,37189,1
8/7/2020,37203,2
8/7/2020,37204,2
8/7/2020,37205,12
8/7/2020,37206,6
8/7/2020,37207,9
8/7/2020,37208,2
8/7/2020,37209,8
8/7/2020,37210,9
8/7/2020,37211,19
8/7/2020,37212,5
8/7/2020,37214,6
8/7/2020,37215,2
8/7/2020,37216,2
8/7/2020,37217,13
8/7/2020,37218,6
8/7/2020,37220,1
8/7/2020,37221,8
8/7/2020,37228,2
8/8/2020,,6
8/8/2020,37013,42
8/8/2020,37072,6
8/8/2020,37076,5
8/8/2020,37115,4
8/8/2020,37138,2
8/8/2020,37203,1
8/8/2020,37204,1
8/8/2020,37205,6
8/8/2020,37206,1
8/8/2020,37207,1
8/8/2020,37208,2
8/8/2020,37209,7
8/8/2020,37210,3
8/8/2020,37211,14
8/8/2020,37214,5
8/8/2020,37215,6
8/8/2020,37217,10
8/8/2020,37220,1
8/8/2020,37221,3
8/9/2020,,5
8/9/2020,37013,26
8/9/2020,37072,1
8/9/2020,37076,4
8/9/2020,37080,1
8/9/2020,37115,5
8/9/2020,37203,3
8/9/2020,37205,4
8/9/2020,37206,1
8/9/2020,37209,2
8/9/2020,37211,5
8/9/2020,37212,2
8/9/2020,37214,2
8/9/2020,37215,2
8/9/2020,37217,5
8/9/2020,37218,2
8/9/2020,37221,3
8/9/2020,37228,1
8/10/2020,,16
8/10/2020,37013,73
8/10/2020,37027,1
8/10/2020,37072,7
8/10/2020,37076,3
8/10/2020,37115,19
8/10/2020,37138,8
8/10/2020,37203,6
8/10/2020,37204,2
8/10/2020,37205,5
8/10/2020,37206,6
8/10/2020,37207,8
8/10/2020,37208,5
8/10/2020,37209,16
8/10/2020,37210,7
8/10/2020,37211,22
8/10/2020,37213,1
8/10/2020,37214,12
8/10/2020,37215,9
8/10/2020,37216,3
8/10/2020,37217,22
8/10/2020,37218,3
8/10/2020,37221,13
8/11/2020,,12
8/11/2020,37013,54
8/11/2020,37072,8
8/11/2020,37076,9
8/11/2020,37080,1
8/11/2020,37115,15
8/11/2020,37138,4
8/11/2020,37203,4
8/11/2020,37204,3
8/11/2020,37205,6
8/11/2020,37206,2
8/11/2020,37207,9
8/11/2020,37208,2
8/11/2020,37209,14
8/11/2020,37210,5
8/11/2020,37211,20
8/11/2020,37214,5
8/11/2020,37215,4
8/11/2020,37216,2
8/11/2020,37217,14
8/11/2020,37218,4
8/11/2020,37220,1
8/11/2020,37221,9
8/12/2020,,15
8/12/2020,37013,40
8/12/2020,37072,2
8/12/2020,37076,15
8/12/2020,37115,5
8/12/2020,37138,1
8/12/2020,37189,1
8/12/2020,37203,8
8/12/2020,37204,2
8/12/2020,37205,7
8/12/2020,37206,3
8/12/2020,37207,11
8/12/2020,37208,4
8/12/2020,37209,27
8/12/2020,37210,3
8/12/2020,37211,12
8/12/2020,37212,1
8/12/2020,37214,9
8/12/2020,37215,4
8/12/2020,37216,3
8/12/2020,37217,10
8/12/2020,37218,6
8/12/2020,37221,6
8/13/2020,,7
8/13/2020,37013,20
8/13/2020,37027,1
8/13/2020,37072,3
8/13/2020,37076,6
8/13/2020,37115,7
8/13/2020,37138,1
8/13/2020,37203,2
8/13/2020,37204,3
8/13/2020,37205,3
8/13/2020,37206,1
8/13/2020,37207,2
8/13/2020,37208,2
8/13/2020,37209,4
8/13/2020,37210,2
8/13/2020,37211,7
8/13/2020,37212,1
8/13/2020,37214,9
8/13/2020,37215,3
8/13/2020,37218,1
8/13/2020,37220,2
8/13/2020,37221,7
8/13/2020,37228,1
8/14/2020,,14
8/14/2020,37013,37
8/14/2020,37027,1
8/14/2020,37072,4
8/14/2020,37076,5
8/14/2020,37115,7
8/14/2020,37138,1
8/14/2020,37189,1
8/14/2020,37201,1
8/14/2020,37203,5
8/14/2020,37204,2
8/14/2020,37205,4
8/14/2020,37206,2
8/14/2020,37207,9
8/14/2020,37208,4
8/14/2020,37209,4
8/14/2020,37210,4
8/14/2020,37211,17
8/14/2020,37212,2
8/14/2020,37214,3
8/14/2020,37215,6
8/14/2020,37216,3
8/14/2020,37217,11
8/14/2020,37218,2
8/14/2020,37219,1
8/14/2020,37220,2
8/14/2020,37221,4
8/14/2020,37228,1
8/15/2020,,4
8/15/2020,37013,34
8/15/2020,37072,12
8/15/2020,37076,2
8/15/2020,37080,1
8/15/2020,37115,9
8/15/2020,37138,3
8/15/2020,37189,3
8/15/2020,37203,4
8/15/2020,37205,1
8/15/2020,37206,5
8/15/2020,37207,7
8/15/2020,37208,3
8/15/2020,37209,7
8/15/2020,37210,2
8/15/2020,37211,18
8/15/2020,37212,2
8/15/2020,37214,5
8/15/2020,37215,4
8/15/2020,37216,5
8/15/2020,37217,9
8/15/2020,37218,4
8/15/2020,37221,2
8/16/2020,,3
8/16/2020,37013,9
8/16/2020,37072,6
8/16/2020,37076,1
8/16/2020,37115,5
8/16/2020,37138,1
8/16/2020,37201,1
8/16/2020,37203,1
8/16/2020,37204,1
8/16/2020,37205,4
8/16/2020,37206,6
8/16/2020,37207,6
8/16/2020,37208,1
8/16/2020,37209,1
8/16/2020,37210,4
8/16/2020,37211,4
8/16/2020,37214,6
8/16/2020,37215,1
8/16/2020,37216,2
8/16/2020,37217,4
8/16/2020,37221,2
8/17/2020,,11
8/17/2020,37013,14
8/17/2020,37027,2
8/17/2020,37072,2
8/17/2020,37115,6
8/17/2020,37138,5
8/17/2020,37203,15
8/17/2020,37204,2
8/17/2020,37205,2
8/17/2020,37206,8
8/17/2020,37207,2
8/17/2020,37208,4
8/17/2020,37209,8
8/17/2020,37210,2
8/17/2020,37211,15
8/17/2020,37212,1
8/17/2020,37215,3
8/17/2020,37216,2
8/17/2020,37217,5
8/17/2020,37218,1
8/17/2020,37219,2
8/17/2020,37220,2
8/17/2020,37221,5
8/17/2020,37228,1
8/18/2020,,16
8/18/2020,37013,70
8/18/2020,37027,1
8/18/2020,37072,5
8/18/2020,37076,3
8/18/2020,37080,3
8/18/2020,37115,15
8/18/2020,37138,4
8/18/2020,37189,1
8/18/2020,37201,1
8/18/2020,37203,4
8/18/2020,37204,1
8/18/2020,37205,3
8/18/2020,37206,6
8/18/2020,37207,9
8/18/2020,37208,2
8/18/2020,37209,11
8/18/2020,37210,1
8/18/2020,37211,19
8/18/2020,37213,1
8/18/2020,37214,3
8/18/2020,37216,3
8/18/2020,37217,12
8/18/2020,37218,3
8/18/2020,37220,1
8/18/2020,37221,3
8/18/2020,37228,1
8/19/2020,,8
8/19/2020,37013,40
8/19/2020,37027,2
8/19/2020,37072,2
8/19/2020,37076,1
8/19/2020,37115,5
8/19/2020,37138,3
8/19/2020,37189,1
8/19/2020,37203,8
8/19/2020,37204,2
8/19/2020,37206,3
8/19/2020,37207,7
8/19/2020,37208,2
8/19/2020,37209,10
8/19/2020,37210,4
8/19/2020,37211,23
8/19/2020,37212,11
8/19/2020,37214,3
8/19/2020,37215,1
8/19/2020,37216,6
8/19/2020,37217,9
8/19/2020,37218,1
8/19/2020,37220,1
8/19/2020,37221,4
8/19/2020,37228,1
8/20/2020,,7
8/20/2020,37013,25
8/20/2020,37072,2
8/20/2020,37076,2
8/20/2020,37115,5
8/20/2020,37138,1
8/20/2020,37203,5
8/20/2020,37204,3
8/20/2020,37205,2
8/20/2020,37206,2
8/20/2020,37207,9
8/20/2020,37208,2
8/20/2020,37209,12
8/20/2020,37210,2
8/20/2020,37211,16
8/20/2020,37212,3
8/20/2020,37213,1
8/20/2020,37214,1
8/20/2020,37215,5
8/20/2020,37216,2
8/20/2020,37217,7
8/20/2020,37220,1
8/20/2020,37221,7
8/21/2020,,12
8/21/2020,37013,26
8/21/2020,37072,2
8/21/2020,37076,2
8/21/2020,37080,1
8/21/2020,37115,9
8/21/2020,37138,2
8/21/2020,37203,5
8/21/2020,37205,4
8/21/2020,37206,3
8/21/2020,37207,4
8/21/2020,37208,2
8/21/2020,37209,4
8/21/2020,37210,1
8/21/2020,37211,9
8/21/2020,37212,3
8/21/2020,37214,5
8/21/2020,37215,4
8/21/2020,37216,1
8/21/2020,37217,3
8/21/2020,37218,1
8/21/2020,37221,6
8/22/2020,,7
8/22/2020,37013,13
8/22/2020,37072,4
8/22/2020,37076,7
8/22/2020,37115,4
8/22/2020,37138,1
8/22/2020,37203,4
8/22/2020,37204,2
8/22/2020,37205,1
8/22/2020,37206,2
8/22/2020,37207,9
8/22/2020,37208,4
8/22/2020,37209,4
8/22/2020,37210,2
8/22/2020,37211,10
8/22/2020,37212,1
8/22/2020,37214,2
8/22/2020,37215,8
8/22/2020,37216,3
8/22/2020,37217,2
8/22/2020,37218,2
8/22/2020,37221,6
8/22/2020,37228,1
8/23/2020,,4
8/23/2020,37013,2
8/23/2020,37072,1
8/23/2020,37076,3
8/23/2020,37115,3
8/23/2020,37138,1
8/23/2020,37189,1
8/23/2020,37204,1
8/23/2020,37205,3
8/23/2020,37207,3
8/23/2020,37208,3
8/23/2020,37211,5
8/23/2020,37214,2
8/23/2020,37215,4
8/23/2020,37216,1
8/23/2020,37218,1
8/23/2020,37221,3
8/24/2020,,15
8/24/2020,37013,27
8/24/2020,37027,1
8/24/2020,37072,1
8/24/2020,37076,5
8/24/2020,37115,11
8/24/2020,37138,3
8/24/2020,37203,8
8/24/2020,37204,2
8/24/2020,37205,2
8/24/2020,37206,11
8/24/2020,37207,5
8/24/2020,37208,6
8/24/2020,37209,14
8/24/2020,37210,3
8/24/2020,37211,18
8/24/2020,37212,4
8/24/2020,37213,1
8/24/2020,37214,6
8/24/2020,37215,7
8/24/2020,37216,3
8/24/2020,37217,8
8/24/2020,37218,2
8/24/2020,37221,7
8/25/2020,,2
8/25/2020,37013,16
8/25/2020,37072,5
8/25/2020,37076,10
8/25/2020,37115,6
8/25/2020,37138,2
8/25/2020,37203,8
8/25/2020,37204,1
8/25/2020,37205,2
8/25/2020,37206,2
8/25/2020,37207,9
8/25/2020,37208,9
8/25/2020,37209,11
8/25/2020,37210,2
8/25/2020,37211,7
8/25/2020,37212,4
8/25/2020,37214,4
8/25/2020,37215,2
8/25/2020,37216,5
8/25/2020,37217,5
8/25/2020,37218,3
8/25/2020,37219,1
8/25/2020,37221,6
8/26/2020,,14
8/26/2020,37013,25
8/26/2020,37072,2
8/26/2020,37076,10
8/26/2020,37115,4
8/26/2020,37138,1
8/26/2020,37203,5
8/26/2020,37204,3
8/26/2020,37205,6
8/26/2020,37206,2
8/26/2020,37207,10
8/26/2020,37208,4
8/26/2020,37209,7
8/26/2020,37210,3
8/26/2020,37211,12
8/26/2020,37212,4
8/26/2020,37214,7
8/26/2020,37215,6
8/26/2020,37216,1
8/26/2020,37217,4
8/26/2020,37218,2
8/26/2020,37221,3
8/27/2020,,1
8/27/2020,37013,24
8/27/2020,37072,3
8/27/2020,37076,4
8/27/2020,37115,6
8/27/2020,37138,5
8/27/2020,37189,1
8/27/2020,37203,6
8/27/2020,37204,1
8/27/2020,37205,4
8/27/2020,37206,5
8/27/2020,37207,6
8/27/2020,37208,5
8/27/2020,37209,9
8/27/2020,37210,4
8/27/2020,37211,11
8/27/2020,37212,6
8/27/2020,37214,2
8/27/2020,37215,3
8/27/2020,37216,6
8/27/2020,37217,5
8/27/2020,37221,4
8/27/2020,37228,1
8/28/2020,,1
8/28/2020,37013,17
8/28/2020,37072,2
8/28/2020,37076,5
8/28/2020,37115,2
8/28/2020,37138,2
8/28/2020,37203,2
8/28/2020,37204,1
8/28/2020,37205,1
8/28/2020,37206,2
8/28/2020,37207,2
8/28/2020,37208,1
8/28/2020,37209,4
8/28/2020,37210,2
8/28/2020,37211,15
8/28/2020,37214,3
8/28/2020,37215,2
8/28/2020,37217,3
8/28/2020,37218,1
8/28/2020,37221,7
8/29/2020,,1
8/29/2020,37013,8
8/29/2020,37027,1
8/29/2020,37072,3
8/29/2020,37076,2
8/29/2020,37115,2
8/29/2020,37138,1
8/29/2020,37203,4
8/29/2020,37204,2
8/29/2020,37205,3
8/29/2020,37206,1
8/29/2020,37207,1
8/29/2020,37208,2
8/29/2020,37209,2
8/29/2020,37210,2
8/29/2020,37211,8
8/29/2020,37214,2
8/29/2020,37215,3
8/29/2020,37217,2
8/29/2020,37221,3
8/30/2020,,7
8/30/2020,37013,7
8/30/2020,37076,4
8/30/2020,37115,3
8/30/2020,37203,3
8/30/2020,37204,1
8/30/2020,37205,2
8/30/2020,37206,1
8/30/2020,37207,1
8/30/2020,37208,2
8/30/2020,37209,5
8/30/2020,37210,1
8/30/2020,37211,2
8/30/2020,37212,3
8/30/2020,37213,1
8/30/2020,37214,1
8/30/2020,37215,7
8/30/2020,37216,1
8/30/2020,37218,1
8/30/2020,37221,3
8/31/2020,,6
8/31/2020,37013,23
8/31/2020,37076,7
8/31/2020,37115,7
8/31/2020,37138,1
8/31/2020,37201,1
8/31/2020,37203,2
8/31/2020,37204,1
8/31/2020,37205,2
8/31/2020,37206,4
8/31/2020,37207,1
8/31/2020,37209,8
8/31/2020,37210,3
8/31/2020,37211,8
8/31/2020,37212,5
8/31/2020,37214,4
8/31/2020,37215,1
8/31/2020,37216,5
8/31/2020,37217,5
8/31/2020,37218,6
8/31/2020,37219,1
8/31/2020,37220,1
8/31/2020,37221,6
9/1/2020,,9
9/1/2020,37013,13
9/1/2020,37027,1
9/1/2020,37072,1
9/1/2020,37076,2
9/1/2020,37115,4
9/1/2020,37138,3
9/1/2020,37201,1
9/1/2020,37203,4
9/1/2020,37204,1
9/1/2020,37205,6
9/1/2020,37206,3
9/1/2020,37207,2
9/1/2020,37208,4
9/1/2020,37209,5
9/1/2020,37210,2
9/1/2020,37211,7
9/1/2020,37212,3
9/1/2020,37214,4
9/1/2020,37215,5
9/1/2020,37216,1
9/1/2020,37217,2
9/1/2020,37218,9
9/1/2020,37220,2
9/1/2020,37221,8
9/2/2020,,4
9/2/2020,37013,15
9/2/2020,37072,2
9/2/2020,37076,1
9/2/2020,37115,3
9/2/2020,37138,3
9/2/2020,37189,1
9/2/2020,37203,6
9/2/2020,37205,2
9/2/2020,37206,6
9/2/2020,37207,7
9/2/2020,37208,1
9/2/2020,37209,9
9/2/2020,37210,1
9/2/2020,37211,4
9/2/2020,37212,1
9/2/2020,37214,1
9/2/2020,37215,16
9/2/2020,37216,2
9/2/2020,37217,4
9/2/2020,37218,2
9/2/2020,37221,4
9/3/2020,,100
9/3/2020,37013,12
9/3/2020,37027,1
9/3/2020,37072,1
9/3/2020,37076,8
9/3/2020,37115,2
9/3/2020,37138,1
9/3/2020,37201,1
9/3/2020,37203,5
9/3/2020,37204,1
9/3/2020,37205,2
9/3/2020,37206,1
9/3/2020,37207,6
9/3/2020,37208,2
9/3/2020,37209,17
9/3/2020,37210,4
9/3/2020,37211,10
9/3/2020,37212,3
9/3/2020,37214,3
9/3/2020,37215,2
9/3/2020,37216,1
9/3/2020,37217,3
9/3/2020,37218,1
9/3/2020,37221,2
9/4/2020,,125
9/4/2020,37013,14
9/4/2020,37072,4
9/4/2020,37076,4
9/4/2020,37115,3
9/4/2020,37138,5
9/4/2020,37189,1
9/4/2020,37203,3
9/4/2020,37204,4
9/4/2020,37205,3
9/4/2020,37206,6
9/4/2020,37207,4
9/4/2020,37208,1
9/4/2020,37209,57
9/4/2020,37210,2
9/4/2020,37211,9
9/4/2020,37212,2
9/4/2020,37214,1
9/4/2020,37215,5
9/4/2020,37216,1
9/4/2020,37217,5
9/4/2020,37218,6
9/4/2020,37221,1
9/5/2020,37013,5
9/5/2020,37072,1
9/5/2020,37076,2
9/5/2020,37138,3
9/5/2020,37203,5
9/5/2020,37204,1
9/5/2020,37205,4
9/5/2020,37206,3
9/5/2020,37207,4
9/5/2020,37209,6
9/5/2020,37210,1
9/5/2020,37211,5
9/5/2020,37214,2
9/5/2020,37215,2
9/5/2020,37216,4
9/5/2020,37218,2
9/5/2020,37221,1
9/6/2020,37013,6
9/6/2020,37072,3
9/6/2020,37076,2
9/6/2020,37115,1
9/6/2020,37138,4
9/6/2020,37203,4
9/6/2020,37204,4
9/6/2020,37205,3
9/6/2020,37207,3
9/6/2020,37208,1
9/6/2020,37209,1
9/6/2020,37214,2
9/6/2020,37215,4
9/6/2020,37216,1
9/6/2020,37218,1
9/6/2020,37221,1
9/7/2020,,1
9/7/2020,37013,7
9/7/2020,37076,2
9/7/2020,37080,1
9/7/2020,37115,2
9/7/2020,37203,2
9/7/2020,37204,1
9/7/2020,37205,2
9/7/2020,37207,4
9/7/2020,37209,1
9/7/2020,37210,1
9/7/2020,37211,1
9/7/2020,37212,3
9/7/2020,37215,3
9/7/2020,37218,1
9/7/2020,37221,4
9/8/2020,,6
9/8/2020,37013,10
9/8/2020,37076,7
9/8/2020,37115,4
9/8/2020,37138,6
9/8/2020,37189,2
9/8/2020,37203,2
9/8/2020,37204,3
9/8/2020,37205,3
9/8/2020,37206,5
9/8/2020,37207,6
9/8/2020,37208,11
9/8/2020,37209,9
9/8/2020,37210,2
9/8/2020,37211,10
9/8/2020,37212,4
9/8/2020,37214,4
9/8/2020,37215,5
9/8/2020,37217,6
9/8/2020,37218,8
9/8/2020,37221,9
9/9/2020,,8
9/9/2020,37013,10
9/9/2020,37027,1
9/9/2020,37072,5
9/9/2020,37076,2
9/9/2020,37115,4
9/9/2020,37138,3
9/9/2020,37189,1
9/9/2020,37201,1
9/9/2020,37203,9
9/9/2020,37204,5
9/9/2020,37205,7
9/9/2020,37206,1
9/9/2020,37207,12
9/9/2020,37208,4
9/9/2020,37209,9
9/9/2020,37210,3
9/9/2020,37211,8
9/9/2020,37212,5
9/9/2020,37214,7
9/9/2020,37215,7
9/9/2020,37216,1
9/9/2020,37217,2
9/9/2020,37218,2
9/9/2020,37219,1
9/9/2020,37220,2
9/9/2020,37221,5
9/10/2020,,5
9/10/2020,37013,20
9/10/2020,37072,4
9/10/2020,37076,3
9/10/2020,37080,1
9/10/2020,37115,3
9/10/2020,37138,4
9/10/2020,37189,1
9/10/2020,37203,3
9/10/2020,37205,2
9/10/2020,37206,3
9/10/2020,37207,2
9/10/2020,37208,3
9/10/2020,37209,10
9/10/2020,37210,3
9/10/2020,37211,9
9/10/2020,37214,3
9/10/2020,37215,8
9/10/2020,37217,7
9/10/2020,37218,6
9/10/2020,37219,2
9/10/2020,37221,4
9/10/2020,37228,2
9/11/2020,,5
9/11/2020,37013,14
9/11/2020,37072,2
9/11/2020,37076,1
9/11/2020,37080,2
9/11/2020,37115,5
9/11/2020,37138,1
9/11/2020,37189,2
9/11/2020,37203,3
9/11/2020,37204,5
9/11/2020,37205,5
9/11/2020,37206,1
9/11/2020,37207,4
9/11/2020,37208,5
9/11/2020,37209,7
9/11/2020,37210,3
9/11/2020,37211,8
9/11/2020,37212,3
9/11/2020,37214,6
9/11/2020,37215,7
9/11/2020,37217,7
9/11/2020,37218,3
9/11/2020,37219,2
9/11/2020,37221,6
9/11/2020,37228,1
9/12/2020,,1
9/12/2020,37013,4
9/12/2020,37027,1
9/12/2020,37076,3
9/12/2020,37115,1
9/12/2020,37203,1
9/12/2020,37204,2
9/12/2020,37205,2
9/12/2020,37206,2
9/12/2020,37207,1
9/12/2020,37208,1
9/12/2020,37209,3
9/12/2020,37211,8
9/12/2020,37212,1
9/12/2020,37214,1
9/12/2020,37215,8
9/12/2020,37216,2
9/12/2020,37217,2
9/12/2020,37218,1
9/12/2020,37221,2
9/12/2020,37228,1
9/13/2020,,2
9/13/2020,37013,5
9/13/2020,37076,1
9/13/2020,37115,1
9/13/2020,37203,1
9/13/2020,37204,2
9/13/2020,37205,4
9/13/2020,37206,1
9/13/2020,37207,1
9/13/2020,37208,2
9/13/2020,37210,1
9/13/2020,37211,3
9/13/2020,37212,1
9/13/2020,37214,1
9/13/2020,37215,2
9/13/2020,37220,1
9/13/2020,37221,4
9/14/2020,,6
9/14/2020,37013,14
9/14/2020,37072,4
9/14/2020,37076,6
9/14/2020,37080,2
9/14/2020,37115,5
9/14/2020,37138,5
9/14/2020,37189,1
9/14/2020,37203,3
9/14/2020,37204,2
9/14/2020,37205,7
9/14/2020,37206,3
9/14/2020,37207,8
9/14/2020,37208,2
9/14/2020,37209,8
9/14/2020,37210,1
9/14/2020,37211,15
9/14/2020,37212,3
9/14/2020,37214,5
9/14/2020,37215,5
9/14/2020,37217,3
9/14/2020,37218,46
9/14/2020,37221,3
9/15/2020,,8
9/15/2020,37013,17
9/15/2020,37072,2
9/15/2020,37076,9
9/15/2020,37115,2
9/15/2020,37138,5
9/15/2020,37189,3
9/15/2020,37201,1
9/15/2020,37203,10
9/15/2020,37204,3
9/15/2020,37205,2
9/15/2020,37206,4
9/15/2020,37207,8
9/15/2020,37208,4
9/15/2020,37209,9
9/15/2020,37210,2
9/15/2020,37211,4
9/15/2020,37212,5
9/15/2020,37214,4
9/15/2020,37215,8
9/15/2020,37216,2
9/15/2020,37217,4
9/15/2020,37218,4
9/15/2020,37221,9
9/15/2020,37228,3
9/16/2020,,6
9/16/2020,37013,15
9/16/2020,37072,5
9/16/2020,37076,12
9/16/2020,37115,7
9/16/2020,37138,2
9/16/2020,37201,1
9/16/2020,37203,4
9/16/2020,37204,3
9/16/2020,37205,5
9/16/2020,37206,3
9/16/2020,37207,6
9/16/2020,37208,4
9/16/2020,37209,10
9/16/2020,37210,1
9/16/2020,37211,18
9/16/2020,37212,6
9/16/2020,37215,4
9/16/2020,37216,2
9/16/2020,37217,3
9/16/2020,37218,1
9/16/2020,37221,3
9/17/2020,,10
9/17/2020,37013,5
9/17/2020,37072,2
9/17/2020,37076,7
9/17/2020,37080,2
9/17/2020,37115,3
9/17/2020,37138,3
9/17/2020,37203,2
9/17/2020,37204,6
9/17/2020,37205,1
9/17/2020,37206,3
9/17/2020,37207,2
9/17/2020,37208,2
9/17/2020,37209,4
9/17/2020,37210,2
9/17/2020,37211,11
9/17/2020,37212,2
9/17/2020,37214,5
9/17/2020,37215,5
9/17/2020,37216,2
9/17/2020,37217,1
9/17/2020,37218,5
9/17/2020,37221,6
9/18/2020,,5
9/18/2020,37013,24
9/18/2020,37072,5
9/18/2020,37076,5
9/18/2020,37080,1
9/18/2020,37115,2
9/18/2020,37138,2
9/18/2020,37189,1
9/18/2020,37203,6
9/18/2020,37204,1
9/18/2020,37205,1
9/18/2020,37206,3
9/18/2020,37207,2
9/18/2020,37208,1
9/18/2020,37209,5
9/18/2020,37210,3
9/18/2020,37211,20
9/18/2020,37212,1
9/18/2020,37214,7
9/18/2020,37215,4
9/18/2020,37216,1
9/18/2020,37217,3
9/18/2020,37218,2
9/18/2020,37221,7
9/18/2020,37228,1
9/19/2020,,1
9/19/2020,37013,5
9/19/2020,37072,2
9/19/2020,37076,3
9/19/2020,37115,2
9/19/2020,37204,2
9/19/2020,37205,1
9/19/2020,37206,1
9/19/2020,37207,1
9/19/2020,37209,2
9/19/2020,37211,1
9/19/2020,37212,2
9/19/2020,37215,2
9/19/2020,37216,3
9/19/2020,37217,3
9/19/2020,37218,1
9/19/2020,37220,1
9/19/2020,37221,1
9/20/2020,,1
9/20/2020,37013,2
9/20/2020,37072,2
9/20/2020,37076,3
9/20/2020,37080,2
9/20/2020,37115,2
9/20/2020,37138,2
9/20/2020,37203,2
9/20/2020,37204,1
9/20/2020,37206,1
9/20/2020,37207,1
9/20/2020,37209,3
9/20/2020,37210,1
9/20/2020,37211,4
9/20/2020,37212,1
9/20/2020,37214,5
9/20/2020,37215,1
9/20/2020,37216,1
9/20/2020,37220,1
9/20/2020,37221,2
9/21/2020,,7
9/21/2020,37013,25
9/21/2020,37072,6
9/21/2020,37076,7
9/21/2020,37080,1
9/21/2020,37115,8
9/21/2020,37138,5
9/21/2020,37189,1
9/21/2020,37203,3
9/21/2020,37204,1
9/21/2020,37205,5
9/21/2020,37206,3
9/21/2020,37207,9
9/21/2020,37208,9
9/21/2020,37209,11
9/21/2020,37210,5
9/21/2020,37211,10
9/21/2020,37212,2
9/21/2020,37214,4
9/21/2020,37215,6
9/21/2020,37216,6
9/21/2020,37217,7
9/21/2020,37218,3
9/21/2020,37220,3
9/21/2020,37221,11
9/21/2020,37228,1
9/22/2020,,17
9/22/2020,37013,17
9/22/2020,37072,2
9/22/2020,37076,3
9/22/2020,37080,1
9/22/2020,37115,7
9/22/2020,37189,3
9/22/2020,37201,1
9/22/2020,37203,6
9/22/2020,37204,4
9/22/2020,37205,5
9/22/2020,37206,2
9/22/2020,37207,6
9/22/2020,37208,3
9/22/2020,37209,9
9/22/2020,37210,1
9/22/2020,37211,7
9/22/2020,37212,4
9/22/2020,37214,4
9/22/2020,37215,2
9/22/2020,37216,2
9/22/2020,37217,4
9/22/2020,37218,1
9/22/2020,37220,2
9/22/2020,37221,7
9/22/2020,37228,1
9/23/2020,,8
9/23/2020,37013,14
9/23/2020,37027,2
9/23/2020,37072,2
9/23/2020,37076,3
9/23/2020,37080,1
9/23/2020,37115,9
9/23/2020,37138,1
9/23/2020,37189,2
9/23/2020,37203,3
9/23/2020,37205,5
9/23/2020,37206,4
9/23/2020,37207,3
9/23/2020,37208,6
9/23/2020,37209,9
9/23/2020,37210,2
9/23/2020,37211,11
9/23/2020,37212,4
9/23/2020,37214,4
9/23/2020,37215,6
9/23/2020,37216,2
9/23/2020,37217,6
9/23/2020,37218,1
9/23/2020,37221,5
9/23/2020,37228,2
9/24/2020,,12
9/24/2020,37013,15
9/24/2020,37072,2
9/24/2020,37076,8
9/24/2020,37115,5
9/24/2020,37138,3
9/24/2020,37189,5
9/24/2020,37201,1
9/24/2020,37203,8
9/24/2020,37204,4
9/24/2020,37205,4
9/24/2020,37206,4
9/24/2020,37207,5
9/24/2020,37208,10
9/24/2020,37209,7
9/24/2020,37210,5
9/24/2020,37211,15
9/24/2020,37212,4
9/24/2020,37214,6
9/24/2020,37215,2
9/24/2020,37216,3
9/24/2020,37217,1
9/24/2020,37218,3
9/24/2020,37219,2
9/24/2020,37221,6
9/24/2020,37228,1
9/25/2020,,10
9/25/2020,37013,11
9/25/2020,37072,3
9/25/2020,37076,8
9/25/2020,37080,1
9/25/2020,37115,5
9/25/2020,37138,1
9/25/2020,37203,4
9/25/2020,37204,2
9/25/2020,37205,1
9/25/2020,37206,4
9/25/2020,37207,6
9/25/2020,37208,5
9/25/2020,37209,11
9/25/2020,37210,3
9/25/2020,37211,6
9/25/2020,37212,3
9/25/2020,37214,4
9/25/2020,37216,2
9/25/2020,37217,5
9/25/2020,37218,1
9/25/2020,37220,2
9/25/2020,37221,11
9/26/2020,,4
9/26/2020,37013,8
9/26/2020,37027,1
9/26/2020,37072,5
9/26/2020,37076,3
9/26/2020,37080,1
9/26/2020,37115,2
9/26/2020,37138,1
9/26/2020,37205,1
9/26/2020,37206,2
9/26/2020,37207,1
9/26/2020,37208,2
9/26/2020,37209,3
9/26/2020,37211,5
9/26/2020,37212,2
9/26/2020,37215,5
9/26/2020,37216,4
9/26/2020,37218,1
9/26/2020,37221,2
9/27/2020,,6
9/27/2020,37013,7
9/27/2020,37072,1
9/27/2020,37076,4
9/27/2020,37115,2
9/27/2020,37138,2
9/27/2020,37203,1
9/27/2020,37204,5
9/27/2020,37205,5
9/27/2020,37206,2
9/27/2020,37208,1
9/27/2020,37209,3
9/27/2020,37211,6
9/27/2020,37214,5
9/27/2020,37215,3
9/27/2020,37217,2
9/27/2020,37218,2
9/27/2020,37221,5
9/28/2020,,8
9/28/2020,37013,18
9/28/2020,37072,5
9/28/2020,37076,11
9/28/2020,37115,6
9/28/2020,37189,1
9/28/2020,37201,2
9/28/2020,37203,8
9/28/2020,37204,1
9/28/2020,37205,4
9/28/2020,37206,9
9/28/2020,37207,8
9/28/2020,37208,3
9/28/2020,37209,16
9/28/2020,37210,5
9/28/2020,37211,18
9/28/2020,37212,3
9/28/2020,37214,3
9/28/2020,37215,4
9/28/2020,37216,3
9/28/2020,37217,4
9/28/2020,37218,2
9/28/2020,37219,1
9/28/2020,37220,1
9/28/2020,37221,5
9/28/2020,37228,3
9/29/2020,,22
9/29/2020,37013,8
9/29/2020,37027,1
9/29/2020,37072,4
9/29/2020,37076,5
9/29/2020,37115,7
9/29/2020,37138,5
9/29/2020,37201,2
9/29/2020,37203,3
9/29/2020,37204,1
9/29/2020,37205,4
9/29/2020,37206,6
9/29/2020,37207,10
9/29/2020,37208,4
9/29/2020,37209,8
9/29/2020,37210,2
9/29/2020,37211,6
9/29/2020,37212,3
9/29/2020,37214,1
9/29/2020,37215,4
9/29/2020,37216,5
9/29/2020,37217,4
9/29/2020,37218,6
9/29/2020,37221,5
9/29/2020,37228,1
9/30/2020,,11
9/30/2020,37013,8
9/30/2020,37072,3
9/30/2020,37076,7
9/30/2020,37115,10
9/30/2020,37138,2
9/30/2020,37189,1
9/30/2020,37203,6
9/30/2020,37204,4
9/30/2020,37205,7
9/30/2020,37206,4
9/30/2020,37207,5
9/30/2020,37208,6
9/30/2020,37209,11
9/30/2020,37210,4
9/30/2020,37211,11
9/30/2020,37212,2
9/30/2020,37214,3
9/30/2020,37215,8
9/30/2020,37216,2
9/30/2020,37217,1
9/30/2020,37219,1
9/30/2020,37220,1
9/30/2020,37221,6
9/30/2020,37228,1
10/1/2020,,8
10/1/2020,37013,12
10/1/2020,37072,2
10/1/2020,37076,5
10/1/2020,37115,12
10/1/2020,37203,5
10/1/2020,37204,2
10/1/2020,37205,4
10/1/2020,37206,3
10/1/2020,37207,6
10/1/2020,37208,10
10/1/2020,37209,9
10/1/2020,37210,8
10/1/2020,37211,17
10/1/2020,37212,3
10/1/2020,37214,6
10/1/2020,37215,7
10/1/2020,37216,5
10/1/2020,37217,4
10/1/2020,37218,1
10/1/2020,37219,1
10/1/2020,37221,10
10/1/2020,37228,3
10/2/2020,,5
10/2/2020,37013,11
10/2/2020,37072,1
10/2/2020,37076,7
10/2/2020,37080,1
10/2/2020,37115,11
10/2/2020,37138,5
10/2/2020,37203,5
10/2/2020,37204,4
10/2/2020,37205,5
10/2/2020,37206,6
10/2/2020,37207,2
10/2/2020,37208,1
10/2/2020,37209,14
10/2/2020,37210,4
10/2/2020,37211,5
10/2/2020,37212,5
10/2/2020,37214,5
10/2/2020,37215,6
10/2/2020,37216,1
10/2/2020,37217,6
10/2/2020,37218,7
10/2/2020,37220,1
10/2/2020,37221,5
10/2/2020,37228,1
10/3/2020,,10
10/3/2020,37013,5
10/3/2020,37072,2
10/3/2020,37076,3
10/3/2020,37080,2
10/3/2020,37115,2
10/3/2020,37138,2
10/3/2020,37189,1
10/3/2020,37203,2
10/3/2020,37204,3
10/3/2020,37205,1
10/3/2020,37206,4
10/3/2020,37207,2
10/3/2020,37208,6
10/3/2020,37209,9
10/3/2020,37211,9
10/3/2020,37212,2
10/3/2020,37214,3
10/3/2020,37215,6
10/3/2020,37216,2
10/3/2020,37217,1
10/3/2020,37218,1
10/3/2020,37220,1
10/3/2020,37221,4
10/3/2020,37228,2
10/4/2020,,5
10/4/2020,37013,7
10/4/2020,37072,1
10/4/2020,37076,3
10/4/2020,37115,2
10/4/2020,37138,3
10/4/2020,37203,4
10/4/2020,37206,1
10/4/2020,37207,1
10/4/2020,37208,3
10/4/2020,37209,4
10/4/2020,37211,3
10/4/2020,37212,2
10/4/2020,37214,1
10/4/2020,37215,4
10/4/2020,37216,5
10/4/2020,37217,3
10/4/2020,37218,5
10/4/2020,37221,2
10/5/2020,,12
10/5/2020,37013,30
10/5/2020,37027,1
10/5/2020,37072,7
10/5/2020,37076,13
10/5/2020,37080,1
10/5/2020,37115,17
10/5/2020,37138,6
10/5/2020,37189,1
10/5/2020,37201,1
10/5/2020,37203,5
10/5/2020,37204,4
10/5/2020,37205,4
10/5/2020,37206,6
10/5/2020,37207,9
10/5/2020,37208,3
10/5/2020,37209,5
10/5/2020,37210,1
10/5/2020,37211,28
10/5/2020,37212,2
10/5/2020,37214,12
10/5/2020,37215,6
10/5/2020,37216,6
10/5/2020,37217,7
10/5/2020,37218,4
10/5/2020,37219,3
10/5/2020,37220,5
10/5/2020,37221,9
10/5/2020,37228,1
10/6/2020,,20
10/6/2020,37013,28
10/6/2020,37069,1
10/6/2020,37072,8
10/6/2020,37076,15
10/6/2020,37080,2
10/6/2020,37115,15
10/6/2020,37189,4
10/6/2020,37203,8
10/6/2020,37204,8
10/6/2020,37205,3
10/6/2020,37206,8
10/6/2020,37207,12
10/6/2020,37208,4
10/6/2020,37209,10
10/6/2020,37210,12
10/6/2020,37211,15
10/6/2020,37212,7
10/6/2020,37214,12
10/6/2020,37215,2
10/6/2020,37216,6
10/6/2020,37217,10
10/6/2020,37218,6
10/6/2020,37220,4
10/6/2020,37221,9
10/6/2020,37228,3
10/7/2020,,16
10/7/2020,37013,16
10/7/2020,37027,1
10/7/2020,37072,4
10/7/2020,37076,6
10/7/2020,37080,2
10/7/2020,37115,11
10/7/2020,37138,1
10/7/2020,37189,1
10/7/2020,37203,7
10/7/2020,37204,5
10/7/2020,37205,7
10/7/2020,37206,19
10/7/2020,37207,9
10/7/2020,37208,3
10/7/2020,37209,12
10/7/2020,37210,1
10/7/2020,37211,24
10/7/2020,37212,4
10/7/2020,37214,6
10/7/2020,37215,3
10/7/2020,37216,11
10/7/2020,37217,9
10/7/2020,37219,1
10/7/2020,37220,1
10/7/2020,37221,9
10/7/2020,37228,3
10/8/2020,,12
10/8/2020,37013,29
10/8/2020,37072,9
10/8/2020,37076,5
10/8/2020,37080,2
10/8/2020,37115,8
10/8/2020,37138,3
10/8/2020,37201,1
10/8/2020,37203,5
10/8/2020,37204,1
10/8/2020,37205,3
10/8/2020,37206,10
10/8/2020,37207,14
10/8/2020,37208,6
10/8/2020,37209,6
10/8/2020,37210,3
10/8/2020,37211,22
10/8/2020,37212,2
10/8/2020,37214,12
10/8/2020,37215,6
10/8/2020,37216,2
10/8/2020,37217,12
10/8/2020,37218,7
10/8/2020,37221,12
10/8/2020,37228,1
10/9/2020,,14
10/9/2020,37013,21
10/9/2020,37072,3
10/9/2020,37076,10
10/9/2020,37115,8
10/9/2020,37138,3
10/9/2020,37189,3
10/9/2020,37201,1
10/9/2020,37203,13
10/9/2020,37204,3
10/9/2020,37205,4
10/9/2020,37206,7
10/9/2020,37207,8
10/9/2020,37208,3
10/9/2020,37209,9
10/9/2020,37210,3
10/9/2020,37211,24
10/9/2020,37212,4
10/9/2020,37214,8
10/9/2020,37215,3
10/9/2020,37216,3
10/9/2020,37217,15
10/9/2020,37218,1
10/9/2020,37221,5
10/9/2020,37228,2
10/10/2020,,5
10/10/2020,37013,9
10/10/2020,37072,3
10/10/2020,37076,7
10/10/2020,37115,8
10/10/2020,37138,3
10/10/2020,37189,2
10/10/2020,37203,2
10/10/2020,37204,4
10/10/2020,37205,4
10/10/2020,37206,8
10/10/2020,37207,4
10/10/2020,37208,3
10/10/2020,37209,6
10/10/2020,37210,1
10/10/2020,37211,9
10/10/2020,37212,5
10/10/2020,37214,8
10/10/2020,37215,2
10/10/2020,37216,1
10/10/2020,37217,3
10/10/2020,37220,2
10/10/2020,37221,1
10/10/2020,37228,1
10/11/2020,,3
10/11/2020,37013,8
10/11/2020,37027,1
10/11/2020,37072,3
10/11/2020,37076,6
10/11/2020,37115,3
10/11/2020,37138,1
10/11/2020,37203,6
10/11/2020,37204,2
10/11/2020,37205,2
10/11/2020,37206,3
10/11/2020,37207,3
10/11/2020,37209,4
10/11/2020,37211,9
10/11/2020,37212,4
10/11/2020,37214,6
10/11/2020,37215,7
10/11/2020,37217,4
10/11/2020,37218,1
10/11/2020,37220,3
10/11/2020,37221,7
10/12/2020,,15
10/12/2020,37013,26
10/12/2020,37072,10
10/12/2020,37076,9
10/12/2020,37080,2
10/12/2020,37115,8
10/12/2020,37138,6
10/12/2020,37203,12
10/12/2020,37204,1
10/12/2020,37205,6
10/12/2020,37206,6
10/12/2020,37207,12
10/12/2020,37208,16
10/12/2020,37209,19
10/12/2020,37210,6
10/12/2020,37211,11
10/12/2020,37212,10
10/12/2020,37214,9
10/12/2020,37215,22
10/12/2020,37216,3
10/12/2020,37217,7
10/12/2020,37218,8
10/12/2020,37220,2
10/12/2020,37221,7
10/13/2020,,19
10/13/2020,37013,32
10/13/2020,37072,10
10/13/2020,37076,15
10/13/2020,37115,20
10/13/2020,37138,7
10/13/2020,37189,1
10/13/2020,37201,2
10/13/2020,37203,9
10/13/2020,37204,11
10/13/2020,37205,10
10/13/2020,37206,19
10/13/2020,37207,16
10/13/2020,37208,15
10/13/2020,37209,18
10/13/2020,37210,4
10/13/2020,37211,31
10/13/2020,37212,13
10/13/2020,37214,10
10/13/2020,37215,10
10/13/2020,37216,7
10/13/2020,37217,13
10/13/2020,37218,3
10/13/2020,37221,15
10/13/2020,37228,3
10/14/2020,,18
10/14/2020,37013,24
10/14/2020,37027,1
10/14/2020,37072,5
10/14/2020,37076,10
10/14/2020,37080,1
10/14/2020,37115,19
10/14/2020,37138,3
10/14/2020,37189,1
10/14/2020,37201,3
10/14/2020,37203,17
10/14/2020,37204,9
10/14/2020,37205,6
10/14/2020,37206,17
10/14/2020,37207,16
10/14/2020,37208,14
10/14/2020,37209,19
10/14/2020,37210,3
10/14/2020,37211,31
10/14/2020,37212,6
10/14/2020,37213,2
10/14/2020,37214,7
10/14/2020,37215,7
10/14/2020,37216,5
10/14/2020,37217,6
10/14/2020,37218,5
10/14/2020,37219,3
10/14/2020,37220,3
10/14/2020,37221,7
10/15/2020,,20
10/15/2020,37013,23
10/15/2020,37027,1
10/15/2020,37072,4
10/15/2020,37076,13
10/15/2020,37080,1
10/15/2020,37115,14
10/15/2020,37138,1
10/15/2020,37201,2
10/15/2020,37203,14
10/15/2020,37204,7
10/15/2020,37205,7
10/15/2020,37206,14
10/15/2020,37207,23
10/15/2020,37208,6
10/15/2020,37209,15
10/15/2020,37210,2
10/15/2020,37211,20
10/15/2020,37212,8
10/15/2020,37214,11
10/15/2020,37215,12
10/15/2020,37216,8
10/15/2020,37217,8
10/15/2020,37218,5
10/15/2020,37220,4
10/15/2020,37221,11
10/15/2020,37228,2
10/16/2020,,14
10/16/2020,37013,28
10/16/2020,37072,7
10/16/2020,37076,4
10/16/2020,37115,3
10/16/2020,37138,3
10/16/2020,37189,3
10/16/2020,37201,1
10/16/2020,37203,9
10/16/2020,37204,8
10/16/2020,37205,3
10/16/2020,37206,8
10/16/2020,37207,9
10/16/2020,37208,11
10/16/2020,37209,11
10/16/2020,37210,3
10/16/2020,37211,18
10/16/2020,37212,2
10/16/2020,37214,10
10/16/2020,37215,9
10/16/2020,37216,5
10/16/2020,37217,13
10/16/2020,37218,12
10/16/2020,37219,1
10/16/2020,37220,3
10/16/2020,37221,9
10/16/2020,37228,1
10/17/2020,,7
10/17/2020,37013,15
10/17/2020,37072,6
10/17/2020,37076,2
10/17/2020,37115,6
10/17/2020,37138,10
10/17/2020,37189,1
10/17/2020,37203,5
10/17/2020,37204,3
10/17/2020,37205,2
10/17/2020,37206,6
10/17/2020,37207,3
10/17/2020,37208,7
10/17/2020,37209,17
10/17/2020,37211,4
10/17/2020,37212,2
10/17/2020,37214,6
10/17/2020,37215,3
10/17/2020,37216,6
10/17/2020,37217,4
10/17/2020,37218,1
10/17/2020,37220,3
10/17/2020,37221,9
10/17/2020,37228,3
10/18/2020,,4
10/18/2020,37013,9
10/18/2020,37027,1
10/18/2020,37072,4
10/18/2020,37076,3
10/18/2020,37115,4
10/18/2020,37138,4
10/18/2020,37201,3
10/18/2020,37205,7
10/18/2020,37206,4
10/18/2020,37207,4
10/18/2020,37208,6
10/18/2020,37209,5
10/18/2020,37210,5
10/18/2020,37211,9
10/18/2020,37212,2
10/18/2020,37214,6
10/18/2020,37215,1
10/18/2020,37216,5
10/18/2020,37217,4
10/18/2020,37218,1
10/18/2020,37220,2
10/18/2020,37221,15
10/19/2020,,29
10/19/2020,37013,42
10/19/2020,37027,1
10/19/2020,37072,13
10/19/2020,37076,18
10/19/2020,37080,2
10/19/2020,37115,21
10/19/2020,37138,7
10/19/2020,37189,1
10/19/2020,37201,2
10/19/2020,37203,17
10/19/2020,37204,16
10/19/2020,37205,6
10/19/2020,37206,10
10/19/2020,37207,14
10/19/2020,37208,38
10/19/2020,37209,18
10/19/2020,37210,6
10/19/2020,37211,29
10/19/2020,37212,9
10/19/2020,37214,21
10/19/2020,37215,9
10/19/2020,37216,7
10/19/2020,37217,13
10/19/2020,37218,5
10/19/2020,37219,3
10/19/2020,37220,1
10/19/2020,37221,12
10/20/2020,,23
10/20/2020,37013,22
10/20/2020,37072,4
10/20/2020,37076,19
10/20/2020,37115,6
10/20/2020,37138,12
10/20/2020,37201,3
10/20/2020,37203,13
10/20/2020,37204,6
10/20/2020,37205,7
10/20/2020,37206,12
10/20/2020,37207,11
10/20/2020,37208,14
10/20/2020,37209,14
10/20/2020,37210,7
10/20/2020,37211,28
10/20/2020,37212,9
10/20/2020,37214,10
10/20/2020,37215,7
10/20/2020,37216,6
10/20/2020,37217,14
10/20/2020,37218,5
10/20/2020,37219,2
10/20/2020,37220,5
10/20/2020,37221,5
10/21/2020,,43
10/21/2020,37013,22
10/21/2020,37027,3
10/21/2020,37072,7
10/21/2020,37076,14
10/21/2020,37080,6
10/21/2020,37115,21
10/21/2020,37138,6
10/21/2020,37189,1
10/21/2020,37203,19
10/21/2020,37204,9
10/21/2020,37205,4
10/21/2020,37206,15
10/21/2020,37207,19
10/21/2020,37208,9
10/21/2020,37209,13
10/21/2020,37210,8
10/21/2020,37211,32
10/21/2020,37212,9
10/21/2020,37214,14
10/21/2020,37215,7
10/21/2020,37216,2
10/21/2020,37217,15
10/21/2020,37218,9
10/21/2020,37219,1
10/21/2020,37220,3
10/21/2020,37221,8
10/22/2020,,23
10/22/2020,37013,33
10/22/2020,37027,1
10/22/2020,37072,9
10/22/2020,37076,11
10/22/2020,37080,1
10/22/2020,37115,13
10/22/2020,37138,8
10/22/2020,37189,2
10/22/2020,37203,10
10/22/2020,37204,13
10/22/2020,37205,10
10/22/2020,37206,8
10/22/2020,37207,17
10/22/2020,37208,9
10/22/2020,37209,19
10/22/2020,37210,11
10/22/2020,37211,36
10/22/2020,37212,9
10/22/2020,37214,11
10/22/2020,37215,8
10/22/2020,37216,8
10/22/2020,37217,12
10/22/2020,37218,6
10/22/2020,37220,1
10/22/2020,37221,14
10/23/2020,,18
10/23/2020,37013,34
10/23/2020,37072,6
10/23/2020,37076,10
10/23/2020,37080,1
10/23/2020,37115,18
10/23/2020,37138,10
10/23/2020,37189,1
10/23/2020,37201,3
10/23/2020,37203,15
10/23/2020,37204,13
10/23/2020,37205,4
10/23/2020,37206,10
10/23/2020,37207,12
10/23/2020,37208,5
10/23/2020,37209,15
10/23/2020,37210,4
10/23/2020,37211,41
10/23/2020,37212,5
10/23/2020,37214,14
10/23/2020,37215,7
10/23/2020,37216,11
10/23/2020,37217,9
10/23/2020,37218,8
10/23/2020,37219,1
10/23/2020,37220,2
10/23/2020,37221,16
10/23/2020,37228,2
10/24/2020,,11
10/24/2020,37013,14
10/24/2020,37069,1
10/24/2020,37072,1
10/24/2020,37076,9
10/24/2020,37080,1
10/24/2020,37115,5
10/24/2020,37138,9
10/24/2020,37189,2
10/24/2020,37201,1
10/24/2020,37203,7
10/24/2020,37204,2
10/24/2020,37205,6
10/24/2020,37206,5
10/24/2020,37207,11
10/24/2020,37208,1
10/24/2020,37209,8
10/24/2020,37210,1
10/24/2020,37211,16
10/24/2020,37212,2
10/24/2020,37214,6
10/24/2020,37215,2
10/24/2020,37216,4
10/24/2020,37217,5
10/24/2020,37218,1
10/24/2020,37219,2
10/24/2020,37220,1
10/24/2020,37221,7
10/25/2020,,3
10/25/2020,37013,15
10/25/2020,37072,6
10/25/2020,37076,1
10/25/2020,37080,1
10/25/2020,37115,14
10/25/2020,37138,4
10/25/2020,37203,8
10/25/2020,37204,2
10/25/2020,37205,3
10/25/2020,37206,6
10/25/2020,37207,9
10/25/2020,37208,3
10/25/2020,37209,8
10/25/2020,37210,2
10/25/2020,37211,16
10/25/2020,37212,5
10/25/2020,37215,3
10/25/2020,37216,6
10/25/2020,37217,5
10/25/2020,37218,4
10/25/2020,37220,1
10/25/2020,37221,8
10/25/2020,37228,1
10/26/2020,,40
10/26/2020,37013,44
10/26/2020,37072,9
10/26/2020,37076,13
10/26/2020,37080,2
10/26/2020,37115,26
10/26/2020,37138,9
10/26/2020,37189,2
10/26/2020,37201,2
10/26/2020,37203,13
10/26/2020,37204,11
10/26/2020,37205,13
10/26/2020,37206,20
10/26/2020,37207,14
10/26/2020,37208,14
10/26/2020,37209,20
10/26/2020,37210,5
10/26/2020,37211,33
10/26/2020,37212,11
10/26/2020,37213,1
10/26/2020,37214,15
10/26/2020,37215,11
10/26/2020,37216,5
10/26/2020,37217,19
10/26/2020,37218,5
10/26/2020,37219,1
10/26/2020,37221,17
10/26/2020,37228,1
10/27/2020,,48
10/27/2020,37013,36
10/27/2020,37072,12
10/27/2020,37076,11
10/27/2020,37115,12
10/27/2020,37138,12
10/27/2020,37189,2
10/27/2020,37201,4
10/27/2020,37203,14
10/27/2020,37204,14
10/27/2020,37205,9
10/27/2020,37206,20
10/27/2020,37207,27
10/27/2020,37208,10
10/27/2020,37209,24
10/27/2020,37210,4
10/27/2020,37211,33
10/27/2020,37212,16
10/27/2020,37214,12
10/27/2020,37215,8
10/27/2020,37216,15
10/27/2020,37217,16
10/27/2020,37218,10
10/27/2020,37219,2
10/27/2020,37220,3
10/27/2020,37221,13
10/27/2020,37228,1
10/28/2020,,25
10/28/2020,37013,34
10/28/2020,37072,8
10/28/2020,37076,11
10/28/2020,37115,14
10/28/2020,37138,8
10/28/2020,37189,2
10/28/2020,37203,18
10/28/2020,37204,13
10/28/2020,37205,11
10/28/2020,37206,19
10/28/2020,37207,21
10/28/2020,37208,15
10/28/2020,37209,24
10/28/2020,37210,17
10/28/2020,37211,33
10/28/2020,37212,11
10/28/2020,37214,13
10/28/2020,37215,25
10/28/2020,37216,7
10/28/2020,37217,19
10/28/2020,37218,4
10/28/2020,37219,1
10/28/2020,37220,4
10/28/2020,37221,28
10/28/2020,37228,1
10/29/2020,,22
10/29/2020,37013,36
10/29/2020,37072,25
10/29/2020,37076,16
10/29/2020,37080,2
10/29/2020,37115,17
10/29/2020,37138,4
10/29/2020,37189,1
10/29/2020,37201,2
10/29/2020,37203,24
10/29/2020,37204,7
10/29/2020,37205,13
10/29/2020,37206,18
10/29/2020,37207,28
10/29/2020,37208,10
10/29/2020,37209,16
10/29/2020,37210,16
10/29/2020,37211,33
10/29/2020,37212,12
10/29/2020,37213,2
10/29/2020,37214,12
10/29/2020,37215,7
10/29/2020,37216,8
10/29/2020,37217,14
10/29/2020,37218,8
10/29/2020,37219,3
10/29/2020,37221,13
10/30/2020,,27
10/30/2020,37013,37
10/30/2020,37072,11
10/30/2020,37076,12
10/30/2020,37115,13
10/30/2020,37138,8
10/30/2020,37189,2
10/30/2020,37203,12
10/30/2020,37204,17
10/30/2020,37205,10
10/30/2020,37206,17
10/30/2020,37207,22
10/30/2020,37208,8
10/30/2020,37209,21
10/30/2020,37210,7
10/30/2020,37211,34
10/30/2020,37212,8
10/30/2020,37214,12
10/30/2020,37215,7
10/30/2020,37216,9
10/30/2020,37217,11
10/30/2020,37218,4
10/30/2020,37219,1
10/30/2020,37220,4
10/30/2020,37221,19
10/30/2020,37228,1
10/31/2020,,24
10/31/2020,37013,24
10/31/2020,37072,8
10/31/2020,37076,11
10/31/2020,37080,1
10/31/2020,37115,11
10/31/2020,37138,11
10/31/2020,37189,1
10/31/2020,37201,1
10/31/2020,37203,7
10/31/2020,37204,5
10/31/2020,37205,3
10/31/2020,37206,10
10/31/2020,37207,12
10/31/2020,37208,3
10/31/2020,37209,7
10/31/2020,37210,4
10/31/2020,37211,14
10/31/2020,37212,5
10/31/2020,37214,10
10/31/2020,37215,7
10/31/2020,37216,2
10/31/2020,37217,3
10/31/2020,37218,7
10/31/2020,37219,2
10/31/2020,37221,17
11/1/2020,,8
11/1/2020,37013,14
11/1/2020,37072,4
11/1/2020,37076,11
11/1/2020,37080,2
11/1/2020,37115,10
11/1/2020,37138,3
11/1/2020,37203,4
11/1/2020,37204,2
11/1/2020,37205,6
11/1/2020,37206,7
11/1/2020,37207,8
11/1/2020,37208,11
11/1/2020,37209,8
11/1/2020,37210,4
11/1/2020,37211,15
11/1/2020,37212,6
11/1/2020,37214,4
11/1/2020,37215,8
11/1/2020,37216,1
11/1/2020,37217,2
11/1/2020,37220,2
11/1/2020,37221,14
11/2/2020,,44
11/2/2020,37013,61
11/2/2020,37027,2
11/2/2020,37072,13
11/2/2020,37076,27
11/2/2020,37080,1
11/2/2020,37115,16
11/2/2020,37138,6
11/2/2020,37189,2
11/2/2020,37201,2
11/2/2020,37203,15
11/2/2020,37204,16
11/2/2020,37205,20
11/2/2020,37206,24
11/2/2020,37207,45
11/2/2020,37208,13
11/2/2020,37209,33
11/2/2020,37210,12
11/2/2020,37211,48
11/2/2020,37212,20
11/2/2020,37214,17
11/2/2020,37215,17
11/2/2020,37216,13
11/2/2020,37217,25
11/2/2020,37218,10
11/2/2020,37219,1
11/2/2020,37220,5
11/2/2020,37221,23
11/2/2020,37228,2
11/2/2020,37238,1
11/3/2020,,38
11/3/2020,37013,30
11/3/2020,37027,2
11/3/2020,37072,5
11/3/2020,37076,19
11/3/2020,37080,1
11/3/2020,37115,12
11/3/2020,37138,6
11/3/2020,37189,1
11/3/2020,37201,1
11/3/2020,37203,14
11/3/2020,37204,10
11/3/2020,37205,11
11/3/2020,37206,11
11/3/2020,37207,12
11/3/2020,37208,8
11/3/2020,37209,17
11/3/2020,37210,4
11/3/2020,37211,22
11/3/2020,37212,8
11/3/2020,37214,18
11/3/2020,37215,14
11/3/2020,37216,3
11/3/2020,37217,11
11/3/2020,37218,9
11/3/2020,37220,4
11/3/2020,37221,14
11/3/2020,37228,1
11/4/2020,,50
11/4/2020,37013,93
11/4/2020,37072,13
11/4/2020,37076,22
11/4/2020,37080,2
11/4/2020,37115,22
11/4/2020,37138,17
11/4/2020,37189,2
11/4/2020,37203,28
11/4/2020,37204,20
11/4/2020,37205,15
11/4/2020,37206,26
11/4/2020,37207,32
11/4/2020,37208,13
11/4/2020,37209,43
11/4/2020,37210,16
11/4/2020,37211,59
11/4/2020,37212,16
11/4/2020,37214,18
11/4/2020,37215,18
11/4/2020,37216,13
11/4/2020,37217,18
11/4/2020,37218,10
11/4/2020,37219,4
11/4/2020,37220,4
11/4/2020,37221,22
11/4/2020,37228,3
11/5/2020,,44
11/5/2020,37013,73
11/5/2020,37027,2
11/5/2020,37072,10
11/5/2020,37076,17
11/5/2020,37080,4
11/5/2020,37115,9
11/5/2020,37138,7
11/5/2020,37189,2
11/5/2020,37201,3
11/5/2020,37203,37
11/5/2020,37204,22
11/5/2020,37205,11
11/5/2020,37206,22
11/5/2020,37207,26
11/5/2020,37208,15
11/5/2020,37209,36
11/5/2020,37210,9
11/5/2020,37211,39
11/5/2020,37212,8
11/5/2020,37214,12
11/5/2020,37215,10
11/5/2020,37216,21
11/5/2020,37217,25
11/5/2020,37218,5
11/5/2020,37219,3
11/5/2020,37220,4
11/5/2020,37221,19
11/5/2020,37228,4
11/6/2020,,46
11/6/2020,37013,50
11/6/2020,37027,2
11/6/2020,37072,15
11/6/2020,37076,28
11/6/2020,37080,5
11/6/2020,37115,6
11/6/2020,37138,8
11/6/2020,37189,3
11/6/2020,37201,1
11/6/2020,37203,20
11/6/2020,37204,15
11/6/2020,37205,10
11/6/2020,37206,31
11/6/2020,37207,21
11/6/2020,37208,10
11/6/2020,37209,18
11/6/2020,37210,9
11/6/2020,37211,58
11/6/2020,37212,9
11/6/2020,37214,17
11/6/2020,37215,14
11/6/2020,37216,9
11/6/2020,37217,15
11/6/2020,37218,7
11/6/2020,37219,1
11/6/2020,37220,7
11/6/2020,37221,17
11/6/2020,37228,3
11/7/2020,,23
11/7/2020,37013,22
11/7/2020,37027,1
11/7/2020,37072,12
11/7/2020,37076,11
11/7/2020,37115,11
11/7/2020,37138,6
11/7/2020,37189,1
11/7/2020,37201,1
11/7/2020,37203,11
11/7/2020,37204,7
11/7/2020,37205,11
11/7/2020,37206,2
11/7/2020,37207,13
11/7/2020,37208,8
11/7/2020,37209,11
11/7/2020,37210,2
11/7/2020,37211,20
11/7/2020,37212,9
11/7/2020,37214,9
11/7/2020,37215,7
11/7/2020,37216,7
11/7/2020,37217,8
11/7/2020,37218,8
11/7/2020,37220,3
11/7/2020,37221,15
11/7/2020,37228,1
11/8/2020,,19
11/8/2020,37013,23
11/8/2020,37072,9
11/8/2020,37076,6
11/8/2020,37080,1
11/8/2020,37115,13
11/8/2020,37138,9
11/8/2020,37203,10
11/8/2020,37204,9
11/8/2020,37205,4
11/8/2020,37206,9
11/8/2020,37207,5
11/8/2020,37208,5
11/8/2020,37209,17
11/8/2020,37210,6
11/8/2020,37211,33
11/8/2020,37212,7
11/8/2020,37214,5
11/8/2020,37215,6
11/8/2020,37216,4
11/8/2020,37217,8
11/8/2020,37218,2
11/8/2020,37219,1
11/8/2020,37220,1
11/8/2020,37221,14
11/9/2020,,98
11/9/2020,37013,127
11/9/2020,37072,29
11/9/2020,37076,24
11/9/2020,37080,2
11/9/2020,37115,20
11/9/2020,37138,9
11/9/2020,37189,4
11/9/2020,37203,21
11/9/2020,37204,14
11/9/2020,37205,12
11/9/2020,37206,31
11/9/2020,37207,41
11/9/2020,37208,23
11/9/2020,37209,46
11/9/2020,37210,16
11/9/2020,37211,80
11/9/2020,37212,19
11/9/2020,37214,26
11/9/2020,37215,11
11/9/2020,37216,15
11/9/2020,37217,34
11/9/2020,37218,14
11/9/2020,37219,2
11/9/2020,37220,5
11/9/2020,37221,27
11/9/2020,37228,1
11/10/2020,,77
11/10/2020,37013,98
11/10/2020,37072,23
11/10/2020,37076,22
11/10/2020,37080,6
11/10/2020,37115,26
11/10/2020,37138,21
11/10/2020,37189,2
11/10/2020,37203,36
11/10/2020,37204,16
11/10/2020,37205,12
11/10/2020,37206,24
11/10/2020,37207,24
11/10/2020,37208,18
11/10/2020,37209,34
11/10/2020,37210,20
11/10/2020,37211,66
11/10/2020,37212,10
11/10/2020,37214,28
11/10/2020,37215,18
11/10/2020,37216,13
11/10/2020,37217,27
11/10/2020,37218,13
11/10/2020,37219,2
11/10/2020,37220,4
11/10/2020,37221,21
11/11/2020,,57
11/11/2020,37013,36
11/11/2020,37072,11
11/11/2020,37076,23
11/11/2020,37080,2
11/11/2020,37115,15
11/11/2020,37138,15
11/11/2020,37201,5
11/11/2020,37203,14
11/11/2020,37204,4
11/11/2020,37205,8
11/11/2020,37206,10
11/11/2020,37207,9
11/11/2020,37208,11
11/11/2020,37209,22
11/11/2020,37210,11
11/11/2020,37211,39
11/11/2020,37212,5
11/11/2020,37214,17
11/11/2020,37215,21
11/11/2020,37216,1
11/11/2020,37217,17
11/11/2020,37218,4
11/11/2020,37219,5
11/11/2020,37220,2
11/11/2020,37221,26
11/11/2020,37228,1
11/12/2020,,20
11/12/2020,37013,50
11/12/2020,37027,1
11/12/2020,37072,11
11/12/2020,37076,11
11/12/2020,37080,2
11/12/2020,37115,18
11/12/2020,37138,19
11/12/2020,37201,2
11/12/2020,37203,22
11/12/2020,37204,8
11/12/2020,37205,5
11/12/2020,37206,6
11/12/2020,37207,12
11/12/2020,37208,14
11/12/2020,37209,16
11/12/2020,37210,14
11/12/2020,37211,50
11/12/2020,37212,13
11/12/2020,37214,12
11/12/2020,37215,12
11/12/2020,37216,5
11/12/2020,37217,11
11/12/2020,37218,3
11/12/2020,37219,3
11/12/2020,37220,3
11/12/2020,37221,15
11/12/2020,37228,4
11/13/2020,,24
11/13/2020,37013,26
11/13/2020,37027,1
11/13/2020,37072,13
11/13/2020,37076,21
11/13/2020,37080,1
11/13/2020,37115,5
11/13/2020,37138,14
11/13/2020,37189,2
11/13/2020,37201,1
11/13/2020,37203,6
11/13/2020,37204,10
11/13/2020,37205,9
11/13/2020,37206,5
11/13/2020,37207,10
11/13/2020,37208,5
11/13/2020,37209,13
11/13/2020,37210,1
11/13/2020,37211,25
11/13/2020,37212,4
11/13/2020,37214,3
11/13/2020,37215,7
11/13/2020,37216,6
11/13/2020,37217,9
11/13/2020,37218,2
11/13/2020,37219,1
11/13/2020,37220,1
11/13/2020,37221,7
11/14/2020,,10
11/14/2020,37013,20
11/14/2020,37072,6
11/14/2020,37076,12
11/14/2020,37080,1
11/14/2020,37115,4
11/14/2020,37138,9
11/14/2020,37189,1
11/14/2020,37201,1
11/14/2020,37203,6
11/14/2020,37204,2
11/14/2020,37205,4
11/14/2020,37206,5
11/14/2020,37207,6
11/14/2020,37208,3
11/14/2020,37209,7
11/14/2020,37210,6
11/14/2020,37211,11
11/14/2020,37212,3
11/14/2020,37214,2
11/14/2020,37215,3
11/14/2020,37216,1
11/14/2020,37217,3
11/14/2020,37218,3
11/14/2020,37219,2
11/14/2020,37220,3
11/14/2020,37221,8
11/15/2020,,3
11/15/2020,37013,9
11/15/2020,37072,8
11/15/2020,37076,5
11/15/2020,37080,2
11/15/2020,37115,6
11/15/2020,37138,4
11/15/2020,37203,4
11/15/2020,37204,5
11/15/2020,37205,7
11/15/2020,37206,5
11/15/2020,37207,5
11/15/2020,37208,2
11/15/2020,37209,15
11/15/2020,37210,2
11/15/2020,37211,13
11/15/2020,37212,1
11/15/2020,37214,1
11/15/2020,37215,5
11/15/2020,37217,2
11/15/2020,37220,3
11/15/2020,37221,5
11/15/2020,37228,1
11/16/2020,,12
11/16/2020,37013,14
11/16/2020,37072,5
11/16/2020,37076,7
11/16/2020,37080,5
11/16/2020,37115,7
11/16/2020,37138,3
11/16/2020,37203,1
11/16/2020,37204,2
11/16/2020,37205,3
11/16/2020,37206,2
11/16/2020,37207,6
11/16/2020,37208,8
11/16/2020,37209,6
11/16/2020,37210,4
11/16/2020,37211,5
11/16/2020,37212,2
11/16/2020,37214,3
11/16/2020,37215,6
11/16/2020,37216,1
11/16/2020,37217,1
11/16/2020,37218,5
11/16/2020,37220,1
11/16/2020,37221,3
11/16/2020,37228,2
11/17/2020,37013,1
11/17/2020,37189,1
11/17/2020,37204,1
